areaName,Borough,areaType,2010-01,2010-02,2010-03,2010-04,2010-05,2010-06,2010-07,2010-08,2010-09,2010-10,2010-11,2010-12,2011-01,2011-02,2011-03,2011-04,2011-05,2011-06,2011-07,2011-08,2011-09,2011-10,2011-11,2011-12,2012-01,2012-02,2012-03,2012-04,2012-05,2012-06,2012-07,2012-08,2012-09,2012-10,2012-11,2012-12,2013-01,2013-02,2013-03,2013-04,2013-05,2013-06,2013-07,2013-08,2013-09,2013-10,2013-11,2013-12,2014-01,2014-02,2014-03,2014-04,2014-05,2014-06,2014-07,2014-08,2014-09,2014-10,2014-11,2014-12,2015-01,2015-02,2015-03,2015-04,2015-05,2015-06,2015-07,2015-08,2015-09,2015-10,2015-11,2015-12,2016-01,2016-02,2016-03,2016-04,2016-05,2016-06,2016-07,2016-08,2016-09,2016-10,2016-11,2016-12,2017-01,2017-02,2017-03,2017-04,2017-05,2017-06,2017-07,2017-08,2017-09,2017-10,2017-11,2017-12,2018-01,2018-02,2018-03,2018-04,2018-05,2018-06,2018-07,2018-08,2018-09,2018-10,2018-11,2018-12,2019-01,2019-02,2019-03,2019-04,2019-05,2019-06,2019-07,2019-08,2019-09,2019-10,2019-11,2019-12,2020-01
All Downtown,Manhattan,submarket,3200,3200,3025,3100,3100,3200,3195,3200,3400,3495,3450,3400,3365,3395,3300,3300,3395,3400,3395,3495,3625,3660,3550,3495,3450,3450,3500,3500,3580,3550,3500,3550,3650,3600,3675,3675,3550,3500,3500,3500,3500,3500,3500,3585,3650,3650,3695,3600,3630,3600,3600,3650,3650,3595,3595,3595,3650,3600,3600,3600,3600,3637,3647,3700,3750,3700,3700,3773,3795,3800,3750,3775,3700,3707,3750,3795,3800,3850,3895,3795,3798,3760,3703,3650,3650,3700,3695,3715,3790,3725,3725,3700,3665,3662,3675,3642,3650,3750,3740,3759,3842,3800,3799,3800,3830,3800,3867,3800,3800,3860,3800,3950,4000,4095,4000,3995,4014,4095,4099,4081,4050
All Midtown,Manhattan,submarket,2875,2800,2800,2850,2895,2950,3000,3000,3100,3100,3150,3150,3160,3198,3195,3200,3250,3300,3335,3300,3350,3375,3395,3350,3300,3250,3250,3320,3395,3395,3395,3400,3400,3400,3440,3450,3400,3400,3400,3390,3350,3395,3350,3395,3400,3400,3395,3400,3350,3390,3395,3400,3450,3450,3400,3400,3400,3450,3495,3500,3500,3500,3500,3500,3550,3525,3513,3501,3561,3500,3500,3500,3495,3500,3500,3550,3575,3500,3527,3500,3548,3500,3500,3500,3470,3495,3468,3500,3500,3530,3500,3500,3500,3500,3350,3350,3387,3400,3391,3450,3500,3500,3500,3500,3510,3550,3508,3550,3500,3550,3550,3593,3643,3695,3718,3725,3711,3695,3740,3750,3754
All Upper East Side,Manhattan,submarket,2460,2450,2400,2500,2550,2550,2595,2500,2595,2550,2500,2550,2500,2500,2475,2500,2600,2695,2650,2695,2795,2800,2800,2800,2700,2700,2695,2695,2695,2750,2700,2750,2850,2795,2850,2850,2795,2800,2795,2750,2750,2750,2750,2800,2893,2850,2800,2800,2700,2790,2700,2700,2700,2700,2725,2700,2750,2750,2800,2849,2852,2900,2900,2875,2950,2995,2950,2995,3046,2999,2900,2950,2995,2975,3000,3000,3000,2995,2990,2920,2950,2950,2975,3000,2995,2995,2925,2950,2950,2950,2950,2900,2995,2948,2995,2990,2900,2895,2850,2850,2850,2900,2925,2900,2895,2995,2995,3000,3000,3000,2995,2995,3000,3050,3067,2995,3000,3125,3250,3348,3300
All Upper Manhattan,Manhattan,submarket,1836,1800,1795,1800,1823,1850,1875,1850,1898,1875,1850,1850,1850,1800,1875,1895,1920,1950,1950,1976,1995,1985,1995,2000,2000,2000,2000,2000,1995,1963,2000,2050,2000,1995,2000,2000,1980,1995,2000,2000,2025,2100,2150,2150,2100,2000,2000,2000,2000,1995,2000,2090,2100,2100,2100,2150,2100,2150,2183,2190,2158,2200,2200,2200,2250,2290,2295,2300,2263,2275,2250,2250,2285,2275,2300,2372,2395,2350,2395,2400,2400,2395,2382,2379,2350,2300,2295,2325,2350,2350,2395,2395,2353,2338,2250,2295,2262,2291,2300,2350,2375,2397,2425,2400,2350,2345,2300,2300,2299,2325,2365,2400,2450,2500,2500,2495,2441,2391,2350,2350,2395
All Upper West Side,Manhattan,submarket,2895,2800,2750,2800,2800,2795,2800,2895,2995,3050,3000,2995,2995,3000,2950,3000,3000,3100,3100,3200,3250,3344,3388,3475,3300,3200,3045,3150,3200,3200,3250,3300,3325,3350,3350,3300,3200,3250,3200,3200,3250,3163,3200,3250,3295,3300,3200,3230,3200,3195,3200,3295,3299,3285,3200,3200,3295,3300,3285,3250,3295,3300,3250,3300,3350,3395,3425,3500,3555,3504,3535,3500,3450,3450,3450,3475,3495,3450,3495,3425,3495,3450,3400,3375,3300,3315,3299,3300,3350,3385,3390,3395,3395,3400,3325,3350,3350,3295,3250,3295,3323,3350,3350,3335,3400,3400,3395,3400,3400,3360,3400,3479,3495,3478,3425,3539,3650,3650,3695,3629,3700
Astoria,Queens,neighborhood,1600,1650,1620,1600,1700,1700,1600,1600,1600,1700,1650,1650,1600,1600,1750,1825,1900,1900,1820,1900,1900,1900,1973,2000,2000,2038,2038,2113,2100,1990,2175,2250,2250,2150,2046,2000,2000,2000,1950,2000,2200,2100,2200,2150,2150,2100,2000,2038,2100,2100,2100,2100,2100,2100,2100,2150,2200,2200,2200,2150,2200,2200,2200,2300,2300,2295,2300,2300,2200,2200,2200,2200,2200,2200,2300,2300,2300,2300,2300,2350,2350,2300,2291,2275,2250,2200,2200,2200,2200,2250,2300,2300,2250,2195,2200,2195,2150,2117,2100,2100,2200,2200,2225,2250,2250,2200,2150,2150,2195,2200,2200,2200,2250,2300,2350,2350,2350,2350,2300,2295,2350
Auburndale,Queens,neighborhood,,,,,,,,,,,,,,,,,,,,,,,,,,,,,,1600,,,,,,,,,,,,,,,,,,,,,,,,,,,,,,,1995,,2300,2100,1995,1995,1950,1900,1995,1995,1695,,1798,1625,1795,1850,2100,2225,2100,2048,2048,2148,2100,,1995,2195,2195,2295,2095,2195,2048,1895,1995,1495,1795,2325,2300,2300,2095,2095,1850,2098,2095,2000,1948,1995,1995,1948,2045,2045,1995,1998,2000,1900,1650,2045,2100,2000,2098,1895,1895
Bath Beach,Brooklyn,neighborhood,,,,,,,,,,,,,,,,,,,,1075,1075,1188,1200,1075,1138,,,,,,,,,,,,,,,,,,,,,,1475,1638,1650,,,,2200,1725,1800,1775,1575,1450,,1700,1750,1775,1775,2000,1850,1613,1700,1700,1800,2000,2000,1898,1745,1950,2025,2175,2250,2050,2098,2000,2200,2200,1900,1900,2100,1950,1850,1950,1950,2000,1975,1950,1850,1898,2000,1848,1875,1950,2000,2023,2000,1850,1700,1675,1675,1750,1725,1675,1700,1575,1695,1675,1695,1750,1799,1795,1795,1850,1795,1795,1795
Battery Park City,Manhattan,neighborhood,3495,3346,3268,3295,3100,3395,3200,3225,3360,3415,3348,3350,3300,3150,3195,3368,3700,3693,3625,3650,3840,3850,3700,3615,3400,3500,3500,3600,3798,3905,4450,4375,4185,4050,4100,3995,3800,3500,3500,3568,3875,3995,3850,3850,3863,3995,3850,3895,3900,4013,4100,3550,3695,4650,4300,4198,4500,4063,3898,3595,3800,3950,4025,4150,4518,4630,4700,4795,4750,4750,5100,4750,4611,4600,4595,4825,4600,4675,4650,4765,4750,4250,4050,4025,4175,3995,3910,3995,4350,4393,4515,4400,4546,4695,3880,3950,4200,4100,4050,4290,4650,4525,4750,4858,4998,4890,4500,4350,4415,4500,4315,4495,4950,5230,5295,4825,4767,4975,5425,5118,4585
Bay Ridge,Brooklyn,neighborhood,1350,1388,1350,1350,1350,1350,1300,1300,1300,1400,1475,1450,1425,1425,1450,1500,1560,1510,1650,1750,1750,1550,1750,1600,1650,1495,1495,1700,1875,1450,1450,1498,1800,1800,1800,1925,1550,1498,1925,1795,1625,1600,1750,1650,1750,1650,1650,1650,1600,1600,1575,1600,1875,1900,1900,1800,1850,1800,1800,1735,1700,1700,1749,1800,1800,1800,1800,1850,1898,1850,1850,1875,1900,2000,2000,2000,2000,2100,2000,2098,2000,2100,2100,2100,2000,2000,1950,1975,2000,2000,2000,1897,1895,1900,1850,1850,2000,1995,1900,1975,1950,1950,1850,1995,2000,2000,1980,1900,1900,1999,2000,1980,1950,1900,1900,1950,1895,1900,2000,1958,1897
Baychester,Bronx,neighborhood,,,,,,,,,,,,,,,,,,,,,,,,,,,,,,,,,,,,,,,,,,,,,,,,,,,,,,,,,,,,,,,,,,,,,,,,,,,,,,,,,,,,,,,,,,,,,,,,,,,,,,,,,,,,,,,,,,,,,,,,,
Bayside,Queens,neighborhood,1775,1838,1888,1838,,,,,,,,,,,,1975,2000,1950,2000,1975,1975,1925,1950,1950,1900,1795,1875,1875,1950,2000,1850,1850,1850,1900,1925,1925,1900,1900,2000,2050,2013,1975,1795,1850,2000,2100,1950,1950,1798,1795,1875,1850,1873,2163,2200,2250,2150,2200,2200,2225,2200,2200,2250,2300,2300,2300,2300,2250,2300,2300,2400,2350,2400,2375,2400,2450,2350,2400,2375,2250,2400,2250,2250,2500,2500,2549,2500,2400,2400,2400,2400,2375,2450,2450,2375,2210,2500,2350,2300,2300,2300,2375,2400,2475,2350,2475,2350,2100,2150,2225,2150,2025,2000,2100,2000,2150,2200,2200,2135,2150,2100
Bedford Park,Bronx,neighborhood,,,,,,,,,,,,,,,,,,,,,1000,,,,,,,,,,1050,1025,1000,,1100,,,,,,,,,1025,1098,1123,,,,,1000,1088,,,1400,1400,1400,1400,1400,1375,1363,1400,1400,1400,1300,1325,1350,1388,1499,1550,1450,1488,1450,1438,1425,1450,1450,1350,1471,1475,1500,1513,1483,1450,1400,1400,1500,1500,1550,1550,1550,1550,1495,1500,1583,1565,1495,1325,1550,1598,1470,1525,1550,1550,1425,1795,1598,1820,1875,1720,1650,1550,1605,1595,1600,1775,1786,1750,1750,1699,1699
Bedford-Stuyvesant,Brooklyn,neighborhood,1650,1650,1600,1650,1650,1593,1460,1450,1500,1650,1650,1750,1700,1600,1500,1500,1500,1600,1650,1650,1675,1675,1800,1700,1650,1650,1800,1850,1800,1795,1750,1750,1800,1800,1850,1995,1995,1950,1950,1983,2000,2100,2150,2200,2195,2195,2195,2195,2138,2150,2200,2200,2200,2300,2300,2350,2300,2250,2300,2300,2275,2250,2300,2350,2350,2400,2400,2463,2400,2350,2350,2300,2350,2350,2350,2400,2450,2475,2499,2497,2455,2450,2400,2400,2400,2350,2345,2395,2400,2475,2475,2475,2450,2400,2400,2350,2350,2300,2395,2450,2500,2500,2567,2595,2550,2500,2485,2475,2425,2450,2500,2500,2550,2525,2599,2612,2612,2650,2650,2523,2593
Bellerose,Queens,neighborhood,,,,,,,,,,,,,,,,,,,,,,,,,,,,,,,,,,,,,,,,,,,,,,,,,,,,,,1950,,,2000,2100,,,2000,,,,,,,,,,,,,,,,1925,,,,,,2275,,,,,,,,,,,,,,,,,,,,,,,,,,,,,,,,,,,,,,
Belmont,Bronx,neighborhood,,,,,,,,,,,,,,,,,,,,,,,,,,,,,,,,,,2400,2175,2400,,,,,,,1325,1300,1250,1250,,,,1075,,,,,,,,1295,1350,,1450,1725,1500,1500,1500,1500,1499,1500,1763,1650,1750,1550,1600,1600,1400,1475,1435,1550,1625,1698,1700,1700,1650,1775,1660,1670,1700,1675,1690,1700,1725,1750,1775,1750,1700,1613,1625,1650,1613,1725,1875,2000,1879,1840,2100,2100,1813,1725,1998,2200,2225,1850,1938,1850,2050,2400,2200,2200,2200,1850,1800
Bensonhurst,Brooklyn,neighborhood,,,,,,,,,,,,,,,1300,1300,1350,1488,1375,1225,,,,,,,,,,,,1525,1550,,,,1450,1500,1350,1150,1275,1325,1400,1450,1313,1550,1500,1398,1395,1398,1500,1575,1600,1500,1500,1575,1600,1525,1500,1500,1600,1725,1600,1700,1698,1650,1573,1600,1650,1600,1700,1750,1675,1700,1773,1748,1800,1850,1800,1900,2100,2025,1875,1725,2000,1848,1800,1800,1700,1788,1700,1900,1738,1750,1713,1768,1700,1773,1800,1800,1880,1879,1700,1850,1900,1850,1875,1900,1850,1850,1900,1813,1900,1748,1700,1700,1700,1750,1750,1825,1925
Bergen Beach,Brooklyn,neighborhood,,,,,,,,,,,,,,,,,,,,,,,,,,,,,,,,,,,,,,,,,,,,,,,,,,,,,,,,,2025,1995,1950,1950,,,,,1998,,,,,,,,,,,,,,,,,2000,2000,2000,2000,2000,2000,2000,,,,2299,,2200,2150,2050,,,,,2175,2275,2300,2150,2225,2063,2325,2300,2225,2100,2100,2100,,,,,2200,2150,2348,2448,
Boerum Hill,Brooklyn,neighborhood,2600,2700,2600,2500,2500,2463,2475,2500,2850,2725,2775,2675,2638,3000,3125,3000,3598,2900,2800,2800,2500,2998,3000,3800,3500,3500,3000,3263,2675,2850,3048,3100,3275,3075,3000,3200,3100,3000,3000,3200,3300,3275,3200,3500,4150,3600,3050,3000,3075,3250,3200,3400,3000,3013,3045,3000,3000,2998,2900,2875,2800,2850,3100,2800,2800,2925,2900,2850,2975,2900,2832,2750,2800,2900,3025,3350,3500,3300,3200,2950,2875,2800,2800,2900,2979,3085,2987,2987,3101,3000,3200,3250,3289,3162,3000,3175,3000,3000,3000,2998,3400,3219,3200,3200,3199,3275,3500,3100,3000,2950,2950,3369,3384,3388,3425,3500,3300,3425,3399,3300,3300
Borough Park,Brooklyn,neighborhood,,,,,,,,,,,1175,,,1225,1200,1150,1175,1200,1225,1300,,,1275,,,,,,1400,,1300,,,,,,,,,,,,,,,,1445,1300,1475,1700,1750,1800,1700,1695,1690,1700,1690,1525,1500,1500,1550,1595,1595,1699,1650,1600,1595,1550,1850,1800,1725,1750,1595,1650,1700,1750,1750,1900,1900,1900,2083,1850,1825,2025,2030,1995,1750,1795,1700,1750,1738,1795,1788,1897,1800,1650,1660,1638,1750,1700,1750,1850,1885,1825,1800,1900,1875,1700,1850,1875,1885,1900,1885,1875,1900,1997,1950,2100,1950,1900,1900
Briarwood,Queens,neighborhood,,1325,,,,,,,,,,1425,,,,,1400,,,,,,,,,,,,,,,,,,,,1450,1463,1450,1550,1550,1463,1550,1450,,1595,1550,1525,1600,1600,1598,1573,1595,1638,1638,1650,1675,1759,1663,1695,1663,1650,1695,1649,1700,1775,1750,1748,1700,1725,1713,1725,1700,1750,1725,1763,1800,1713,1750,1685,1655,1690,1685,1695,1650,1675,1700,1720,1700,1700,1713,1773,1700,1797,1849,1797,1795,1725,1798,1800,1720,1749,1750,1699,1750,1769,1750,1830,1775,1715,1795,1748,1750,1825,1757,1750,1900,1850,1823,1750,1777
Brighton Beach,Brooklyn,neighborhood,,,,,,,,,,,,,,1311,1275,,1200,1350,1623,,1313,1300,,,,,,,1725,1613,1650,1663,1700,1700,1800,1900,2200,2300,1900,1775,1802,1814,1775,1800,2016,2150,2031,1985,2200,1784,2000,1900,2000,1850,1900,1900,1950,1800,1800,1638,1750,1813,1825,1995,2100,2125,1950,1950,1995,2248,2300,2000,1875,1950,1950,1950,1875,1875,1863,1925,1900,2000,2100,2300,2200,2100,2175,2150,2100,2150,2300,2100,2025,2075,2098,2000,2013,2025,2045,2000,2075,2125,2113,2099,2100,2050,2000,2100,2150,2190,2175,1950,1975,2098,2025,1985,1950,2038,2050,1898,1913
Bronx,Bronx,borough,1600,1600,1508,1508,1600,1500,1529,1600,1600,1500,1600,1600,1595,1550,1600,1600,1498,1450,1563,1500,1363,1397,1399,1399,1400,1550,1500,1500,1475,1400,1499,1500,1400,1500,1600,1500,1413,1423,1475,1500,1575,1525,1490,1575,1550,1450,1499,1500,1499,1550,1600,1600,1600,1700,1550,1500,1475,1425,1450,1450,1450,1475,1500,1500,1499,1500,1500,1600,1600,1595,1600,1600,1600,1600,1550,1600,1635,1700,1700,1700,1699,1695,1650,1700,1675,1675,1750,1700,1725,1725,1750,1750,1750,1795,1787,1748,1787,1800,1850,1900,1900,1900,1879,1875,1900,1900,1825,1850,1895,1850,1872,1875,1895,1899,1900,1950,1997,1950,1925,1910,1948
Bronxwood,Bronx,neighborhood,,,,,,,,,,,,,,,,,,,,,,,,,,,,,,,,,,,,,,,,,,,,,,,,,,,,,,,,,,,,1313,,1250,,,,,,,,,,,,,,,,,,,1613,1508,1450,1450,1500,1538,1525,1525,1650,1500,1500,1600,1525,1475,1500,1500,1675,1575,1525,1513,1750,1550,1595,1588,1550,1610,1595,1700,1650,1598,1650,1625,1750,1895,1625,1750,2273,1950,1700,1695,1675
Brooklyn,Brooklyn,borough,2200,2150,2150,2150,2200,2250,2300,2300,2400,2395,2200,2150,2100,2000,2100,2166,2200,2300,2350,2400,2450,2400,2400,2450,2463,2450,2499,2500,2500,2500,2500,2500,2650,2600,2600,2700,2500,2500,2500,2500,2500,2600,2600,2700,2700,2600,2500,2550,2500,2500,2500,2535,2600,2600,2600,2600,2590,2500,2500,2500,2500,2550,2550,2550,2550,2581,2600,2650,2600,2550,2500,2500,2590,2550,2590,2600,2650,2650,2650,2650,2600,2600,2500,2500,2500,2500,2495,2500,2500,2550,2599,2615,2599,2500,2495,2450,2450,2450,2495,2500,2590,2600,2695,2680,2600,2550,2500,2500,2500,2500,2500,2595,2600,2650,2700,2700,2699,2675,2600,2599,2600
Brooklyn Heights,Brooklyn,neighborhood,2350,2300,2400,2200,2400,2250,2600,2900,3200,3400,2621,2633,2600,3050,3200,3150,2450,2825,2900,3000,3000,2963,2850,2700,2750,2700,2700,2500,2900,3125,3325,3500,3200,3200,2950,2738,2788,3000,3273,2912,3100,3092,3425,3340,3308,3200,3078,3014,3000,2900,2985,3000,3000,2800,2830,3000,2875,2960,3000,2850,2725,2898,2968,3050,2925,2950,3150,3260,3153,3195,3155,2850,3050,3300,3195,3000,3150,3150,3100,3155,3300,3200,3150,3400,3400,3250,3198,3175,3000,3100,3033,2985,2999,3100,3000,3100,3200,3053,2990,2808,2979,3100,3175,3250,3400,3300,3200,3250,3100,3215,3500,3500,3381,3505,3400,3632,3650,3773,3849,3650,3900
Brookville,Queens,neighborhood,,,,,,,,,,,,,,,,,,,,,,,,,,,,,,,,,,,,,,,,,,,,,,,,,,,,,,,,,,,,,,,,,,,,,,,,,,,,,,,,,,,,,,,,,,,,,,,,,,,,,,,,,,,,,,,,,,,,,,,,,
Brownsville,Brooklyn,neighborhood,,,,,,,,,,,,,,,,,,,,,,,,,,,,,,1350,,,,,,,1425,1450,1450,1450,1450,1450,1400,1500,1400,1295,1400,,1225,1325,1350,1300,1300,1375,1375,1400,1350,1350,1500,1400,1313,1313,1360,1400,1500,1500,1500,1500,1600,1599,1500,1613,1600,1600,1608,1600,1500,1700,1650,1695,1695,1650,1650,1700,1750,1750,1700,1800,1750,1800,1800,1700,1700,1795,1750,1698,1700,1725,1800,1750,1795,1800,1850,1850,1875,1950,1925,1925,2100,2100,2100,1950,2100,2325,1997,1900,2000,2000,1995,2000,1998
Bushwick,Brooklyn,neighborhood,1599,1475,1500,1875,1950,1525,1500,1500,1500,1500,1425,1500,1695,1695,1695,1700,1700,1600,1900,1925,1500,1725,1800,1775,1713,1738,1800,1858,1840,2000,2025,2000,2150,2025,2000,2099,2100,2200,2200,2400,2300,2100,2200,2400,2400,2400,2395,2300,2263,2267,2317,2400,2400,2487,2475,2500,2500,2400,2400,2385,2400,2499,2500,2500,2545,2550,2595,2600,2650,2600,2500,2495,2500,2650,2600,2595,2600,2658,2600,2600,2600,2500,2500,2488,2446,2450,2499,2550,2599,2600,2650,2650,2600,2500,2495,2450,2450,2490,2499,2550,2612,2697,2700,2695,2600,2567,2500,2466,2500,2549,2590,2650,2650,2628,2750,2800,2799,2799,2750,2650,2799
Cambria Heights,Queens,neighborhood,,,,,,,,,,,,,,,,,,,,,,,,,,,,,,,,,,,,,,,,,,,,,,,,,,,,,,,,,,,,,,,,,,,,,,,,,,,,,,,,,,,,,,,,,,,,,,,,,,,,,,,,,,,,,,,,,,,,,,,,,
Canarsie,Brooklyn,neighborhood,,,,,,,,,,,,,,,,,1375,1400,1525,1450,,,,,,,,,,,,,,,,,,,,,,,1500,,1595,,,,,,,,1350,1400,1475,1350,,1800,1500,1800,1750,1500,1600,1700,1700,1800,1850,1850,1850,1850,1850,1800,1800,1800,1800,1799,1863,1800,1813,1800,1900,1838,1800,1825,2200,1850,1750,2025,2100,2100,2100,1825,1900,1900,1900,2075,2174,2100,2000,1999,2050,2199,2150,2275,2250,2250,2000,2000,2000,1990,2200,2000,2000,2100,2100,2100,1958,2100,2100,2100,2200
Carroll Gardens,Brooklyn,neighborhood,2275,2225,2275,2175,2200,2200,2250,2200,2250,2250,2200,2250,2400,2250,2250,2400,2838,2675,2550,3000,3500,2900,2500,2600,2900,2800,3798,3675,3600,3400,2875,3750,3550,3500,3200,3000,3400,2950,3200,3350,2800,2900,2900,3300,2895,3000,3400,3300,2800,2800,2800,2800,2900,2800,2800,2900,3000,3000,3000,2850,2900,2800,2900,2950,2950,3000,3000,3000,3000,3000,3000,3000,2998,2875,2950,2950,3000,3000,3200,3000,3000,3100,3000,2900,3000,2800,2800,2800,2900,2875,2900,2900,2800,2950,2900,2850,2800,2900,2825,2999,3200,3000,3000,2998,3000,2913,2850,3180,3000,2900,2738,2800,2900,2900,3200,3400,3625,3450,3100,3200,3150
Castle Hill,Bronx,neighborhood,,,,,,,,,,,,,,,,,,,,,,,,,,,,,,,,,,,,,,,,,,,,,,,,,,,,,,,,,,,,1479,1498,,,,,,,,1513,1300,,,1450,1450,,1525,1450,,1574,1475,1475,1475,1488,1625,1795,1496,1700,1650,1700,1495,1473,1525,1850,1900,1800,1800,1850,,,,1500,1600,1800,1750,1750,1799,,,,,1575,1850,1800,,,,,,,,
Central Harlem,Manhattan,neighborhood,1950,1963,1895,1863,1900,1900,1850,1800,1850,1850,1800,1750,1798,1800,1895,1950,2048,2095,2098,2057,2000,1995,2100,2000,1995,2000,2000,2100,2095,1975,2200,2295,2200,2000,2100,2000,2000,2000,2100,2108,2150,2175,2200,2269,2290,2200,2200,2100,2100,2100,2000,2150,2200,2150,2200,2263,2295,2375,2350,2350,2350,2400,2383,2300,2300,2300,2300,2350,2300,2400,2327,2400,2400,2395,2400,2485,2450,2400,2450,2500,2500,2500,2500,2500,2490,2395,2350,2350,2400,2400,2495,2500,2450,2395,2375,2380,2400,2426,2495,2550,2500,2500,2550,2600,2500,2450,2400,2400,2419,2456,2495,2580,2636,2700,2650,2673,2599,2500,2525,2495,2500
Central Park South,Manhattan,neighborhood,6000,6000,5950,6500,6200,5800,5575,6100,6500,6500,6500,6250,6500,6500,5600,5700,6500,4923,4625,4900,5800,5400,5700,5450,5200,6000,5500,6000,4998,5500,6250,6125,6400,6400,7000,6400,6800,7500,7500,7500,7500,7250,7850,7950,8450,7450,7375,7850,7850,7750,6500,6500,7475,6550,7500,7500,7500,7500,7500,7825,7500,7850,7650,7375,7000,6825,7500,7900,7900,8000,7900,7888,7900,7475,7500,7850,7500,7438,7500,7000,7500,7475,7475,7500,7475,7025,7000,6925,6500,7238,6600,7500,6923,7500,6850,6600,7100,7250,7500,7498,6800,6850,7500,7250,7885,7650,8999,7800,7200,7450,7300,7425,6500,6937,6650,6500,6500,7400,7200,7475,7575
Central Queens,Queens,submarket,1500,1483,1500,1500,1313,1350,1350,1350,1350,1350,1350,1373,1400,1350,1500,1550,1550,1550,1550,1550,1595,1650,1575,1650,1650,1940,1913,1900,1713,1800,1775,1695,1650,1900,1850,1900,1750,1798,1750,1750,1700,1700,1800,1800,1850,1895,1875,1800,1795,1800,1800,1795,1750,1825,1850,1900,1900,1850,1900,1900,1900,1950,1900,1900,1950,2000,2000,2000,2000,2000,2075,2052,2000,2075,2000,2095,2100,2153,2200,2200,2195,2100,2100,2195,2149,2100,2100,2050,2095,2150,2200,2195,2150,2100,2053,2095,2050,2028,2100,2100,2100,2100,2199,2245,2200,2118,2080,2025,2095,2100,2100,2190,2181,2249,2275,2250,2200,2100,2150,2150,2167
Chelsea,Manhattan,neighborhood,3200,3400,3245,3200,3200,3395,3400,3450,3625,3600,3500,3320,3295,3295,3400,3450,3450,3480,3500,3473,3600,3800,3650,3500,3400,3500,3600,3600,3795,3800,3600,3600,3700,3500,3695,3715,3650,3700,3600,3730,3743,3695,3695,3750,3892,3876,3650,3795,3695,3695,3745,3725,3750,3745,3750,3750,3795,3735,3750,3800,3795,3750,3800,3950,3950,3995,4075,4025,4000,4100,3875,3895,3860,3850,3860,3950,4100,4195,4050,3995,3995,4000,3995,3916,3895,3950,3913,3908,3950,3900,3900,3800,3845,3940,3950,3910,3945,4000,4000,3995,3995,4000,3995,4088,4149,4000,4000,4046,4003,4250,4150,4250,4300,4492,4450,4390,4341,4342,4324,4260,4200
Chinatown,Manhattan,neighborhood,2900,2900,2550,2200,2200,2248,2500,2700,2875,2300,2900,3166,3166,2900,2800,2300,2400,2900,2500,2450,3150,2900,2425,2475,3150,2575,2523,2550,2500,2450,2425,2900,2698,2600,2550,2378,2750,2750,2675,2800,3100,2700,2600,2600,3150,3000,2650,2600,2850,2500,2500,2600,2800,2948,2800,2800,2850,3150,3075,3000,2700,3073,2900,2900,2850,2850,2750,2900,2850,2700,2750,3275,2650,2650,2675,2900,2690,2800,2800,2850,2923,2923,2975,3000,2950,2800,2725,2875,3000,2800,2898,2773,2700,2648,2725,2800,2673,2700,2695,2600,2900,2900,2703,2800,2895,2500,2800,2800,2700,2800,2600,2700,2725,3000,3000,2600,2500,3000,2975,3250,3300
City Island,Bronx,neighborhood,,,,,,,,,,,,,,,,,,,,,,,,,,,,,,,,,,,,,,,,,,,,,,,,,,,,,,,,,,,,,,,,,,,,,,,,,,,,,,,,,,,,,,,,,,,,,,,,,,,,,,,,,,,,,,,,,,,,,,,,,
Civic Center,Manhattan,neighborhood,,,,,,,,,,,,,,,,,,,,,,,,,,,,,,,,,,,,,,,,,,,,,,,,,,,,,,,,,,,,,,,,,,,,,,,,,,,,,,,,,,,,,,,,,,,,,,,,,,,,,,,,,,,,,,,,,,,,,,,,,
Clearview,Queens,neighborhood,,,,,,,,,,,,,,,,,,,,,,,,,,,,,,,,,,,,,,,,,,,,,,,,,,,,,,,,,,,,,,,,,,,,,,,,,,,,,,,,,,,,,,,,,,,,,,,,,,,,,,,,,,,,,,,,,,,,,,,,,
Clinton Hill,Brooklyn,neighborhood,2085,1950,1975,2000,2100,1900,1875,2075,2300,2269,2100,2059,2177,2269,2300,2350,2350,2300,2250,2304,2500,2535,2495,2600,2650,2750,2698,2763,2550,2688,2714,3000,3000,3000,2950,2850,2525,2650,2585,2600,2600,2598,2500,2500,2500,2500,2600,2700,2699,2575,2600,2650,2700,2700,2713,2800,2772,2700,2600,2700,2700,2750,2725,2750,2750,2641,2653,2700,2850,2748,2700,2650,2699,2700,2670,2650,2699,2700,2700,2700,2750,2795,2750,2600,2600,2650,2638,2600,2704,2700,2699,2600,2585,2795,2700,2724,2697,2600,2650,2772,2875,2880,2850,2800,2750,2700,2700,2739,2950,2950,3000,2988,3174,3254,3100,3100,2975,3100,3000,3000,3000
Co-op City,Bronx,neighborhood,,,,,,,,,,,,,,,,,,,,,,,,,,,,,,,,,,,,,,,,,,,,,,,,,,,,,,,,,,,,,,,,,,,,,,,,,,,,,,,,,,,,,,,,,,,,,,,,,,,,,,,,,,,,,,,,,,,,,,,,,
Cobble Hill,Brooklyn,neighborhood,1900,2350,2225,2340,2400,2340,2450,2525,2600,2600,2625,2600,2500,2450,2500,2900,2835,2750,2750,3100,3235,3050,3150,3200,3000,2900,3100,2850,2795,2590,3025,3200,3000,2895,3150,3200,3000,2875,2850,3100,3100,3700,3400,3200,3100,3050,2923,2800,2950,3050,2900,2800,3100,3500,3315,3277,3100,3100,3100,3150,3100,2973,2995,3150,3150,3000,3200,3325,3300,3275,3200,3200,3210,3125,3150,3150,3275,3250,3100,3250,3050,3150,2998,2845,2750,2800,2750,2663,3000,2995,3000,3300,3200,3200,3100,3075,3150,2950,2925,3100,3186,3178,3325,3500,3450,3157,3200,3200,3200,3300,3200,3168,3199,3300,3731,3800,3662,3613,3570,3700,3150
College Point,Queens,neighborhood,,,,,,,,,,,,,,,,,,,,,,,,,,,,,,,,,,,,,,,,,,,,,,,,,,,,,,,,,,,,,,,,,,,,,,,,,,,,,,,,,,,,2200,2300,,,,,2200,2200,2100,,,,,,,,2100,2175,,,,,2000,2125,2150,2175,,,,,,,,,,,,
Columbia St Waterfront District,Brooklyn,neighborhood,2000,1950,,,2550,2500,2500,2450,2700,2650,2200,1775,2000,2200,2200,2200,2200,,2400,2525,,2600,2950,,2350,2400,2600,,2775,2500,2550,2500,2500,3000,2925,3300,2600,2625,3150,3075,3150,3350,3500,3500,2600,2500,2725,2500,2750,2700,2775,2700,2800,2800,2800,2325,2125,2298,2800,2800,2800,2750,2750,2750,2700,2500,2588,2500,2750,2775,2900,2750,2850,2898,3000,2900,3025,2925,3050,2895,2950,2848,2895,2700,2700,2625,2663,2500,2550,2650,2700,2700,2750,2800,2745,2700,2700,2700,2398,2500,3000,3200,3150,2987,2987,2800,2825,2700,2800,2850,2500,2600,3200,2938,3125,3200,3100,3000,3000,2500,2900
Concourse,Bronx,neighborhood,,,,1373,,,,,,1425,,1438,1313,,1500,,,1350,,1350,1250,1100,1199,1100,1300,1325,1300,1300,1350,1400,1475,1375,1300,1375,1350,1399,1400,1400,1400,1400,1500,1500,1645,1500,1495,1425,1388,1425,1450,1400,1491,1425,1450,1300,1463,1500,1500,1500,1500,1350,1295,1400,1550,1450,1450,1600,1525,1500,1600,1600,1550,1450,1500,1500,1495,1550,1550,1600,1650,1600,1650,1600,1525,1550,1510,1500,1674,1675,1625,1550,1579,1650,1722,1797,1650,1600,1595,1850,1700,1850,1875,1774,1750,1743,1673,1700,1675,1800,1825,1695,1700,1800,1800,1695,1775,1700,1698,1698,1700,1800,1800
Coney Island,Brooklyn,neighborhood,,,,,,,,,,,,,,,,,,,,,,,,,,,,,,,,,,1725,1550,,1800,1900,1775,1980,1850,1700,1700,1487,1485,1550,1475,1650,1600,1700,1775,1675,1675,1748,1675,2225,2075,2050,2125,2125,1999,1999,1950,1950,1988,2000,2100,2000,1995,1998,2050,2038,2200,2078,2150,2113,2113,1971,2131,2200,2200,2200,2198,2200,2300,2300,2175,2200,2100,2100,2100,1900,2150,2200,2197,2199,2075,2150,2075,2225,2250,2250,2250,2225,2250,2300,2225,2225,2238,2150,2175,2075,2194,2250,2313,2250,2199,2150,2188,2288,2325
Corona,Queens,neighborhood,1100,1098,1095,1095,1150,1150,1150,1150,1150,1150,1150,1150,1150,1150,950,950,950,950,950,950,950,950,950,,,,,,,,,,,,,,,,,,,,,,,,,,,,,1500,1500,1497,1500,1500,1410,1463,1773,1550,1550,1513,1573,1600,1650,1650,1650,1650,1663,1695,1650,1695,1795,1863,1695,1775,1770,1770,1713,1938,1948,1983,1870,1850,1850,1765,1803,1840,1890,1895,1975,1825,1785,1825,1903,1950,1885,1828,1805,1735,1725,2107,2350,2405,1995,1955,2168,2115,2365,2155,2018,2255,2294,2305,2215,2157,1833,1886,1913,1986,2097
Country Club,Bronx,neighborhood,,,,,,,,,,,,,,,,,,,,,,,,,,,,,,,,,,,,,,,,,,,,,,,,,,,,,,,,,,,,,,,,,,,,,,,,,,,,,,,,,,,,,,,,,,,,,,,,,,,,,,,,,,,,,,,,,,,,,,,,,
Crotona Park East,Bronx,neighborhood,,,,,,,,,,,,,,,,,,,,,,,,,,,,,,,,,,,,,,,,,,,,,,,,,,,,,,,,,,,,,,,,,,,,,,,,,,,,,,,,,,,,,,,,,,,,,,,,,,,,,,,,,,,,,2100,2050,1800,,2324,1800,,2100,2100,,,,1931
Crown Heights,Brooklyn,neighborhood,2000,2125,2150,2050,1900,1800,1500,1500,1500,1525,1550,1575,1600,1600,1550,1600,1693,1850,1850,1638,1825,1700,1700,1663,1895,2000,1950,2000,1900,1850,1900,1935,1935,1911,1922,1885,1950,2000,2000,2100,2100,2100,2100,2200,2291,2300,2200,2016,2100,2000,2200,2264,2400,2350,2350,2300,2200,2200,2200,2150,2200,2250,2200,2295,2300,2300,2400,2400,2300,2300,2250,2300,2300,2350,2400,2400,2400,2450,2492,2499,2400,2400,2300,2291,2291,2300,2300,2300,2300,2399,2450,2499,2450,2400,2385,2350,2300,2300,2395,2400,2400,2450,2695,2647,2550,2400,2400,2400,2400,2399,2400,2495,2500,2500,2597,2600,2600,2585,2500,2500,2550
DUMBO,Brooklyn,neighborhood,3275,3200,2800,2875,2800,2950,3400,3825,4200,4150,4250,4200,4100,3950,3550,3650,3475,4000,4150,4000,4000,4000,4000,3775,4200,4200,4250,3500,3650,3700,4100,4300,4300,4300,4350,4100,4100,3500,3650,4200,4025,3800,3775,3938,3850,3650,3800,3773,4000,3888,4000,4000,4100,4175,4173,4250,4227,4300,4217,4100,3900,3943,4400,3950,3925,4100,4145,4373,4500,4350,4488,4525,4250,4087,4100,4275,4900,4700,4700,4362,4362,4500,4650,4377,4495,4750,4559,4450,4495,4435,4500,4198,4495,4355,4500,4429,4200,4137,4163,3900,4240,4498,4246,4649,4223,4745,4995,5007,4564,4333,4650,4498,4495,4613,4875,4982,4750,4565,4930,4996,4996
Ditmas Park,Brooklyn,neighborhood,1600,1850,1850,1500,,,2100,3625,,,1638,,1595,1573,1600,1575,1600,1725,1750,1675,1575,1650,1575,1575,1600,1600,1700,1750,1675,1598,1750,1750,1725,1700,1600,1700,1700,1600,1600,1675,2200,1700,1975,1700,1775,1550,1600,1800,1750,1738,1625,1763,1850,1873,1900,1900,1775,1850,1650,1798,1850,1850,1850,1850,1900,2050,2050,1998,1950,2023,1999,2000,1950,1900,1900,1900,2000,1999,1999,1995,1975,1938,1900,1900,1925,1999,1997,1999,2000,2000,1999,2000,2195,2175,1899,1995,1999,2195,2100,2000,1999,2095,2400,2400,2095,2000,1995,2172,2250,2215,2175,2215,2294,2250,2250,2199,2275,2200,2303,2307,2200
Douglaston,Queens,neighborhood,,,,,,,,,,,,,,,,,,,,,,,,,,,,,,,,,,,,,,,,,,,,,3925,1950,1850,2200,,,,,,,,,,,,1500,,,,,,,,,,,,,,,,,,,,,,,,,,,,,,,2400,,,,,,,,,,,,,,,,,,,,,,,,,,,,,,
Downtown Brooklyn,Brooklyn,neighborhood,2247,2227,2191,2250,2400,2472,2550,2569,2530,2505,2551,2500,2600,2498,2450,2495,2301,2424,2500,2520,2500,2500,2625,2698,2500,2443,2511,2452,2650,2800,2800,2835,2813,2800,2923,3000,3000,2925,2915,2900,2898,2880,2900,3000,2883,2905,2850,2900,2900,3000,2950,2895,2900,2940,3000,3095,3100,3170,3200,3165,3181,3230,3255,3228,3240,3205,3184,3184,3195,3185,3108,3115,3120,3100,3156,3158,3132,3167,3175,3156,3080,3095,3105,3067,3063,3121,3053,3121,3120,3145,3195,3238,3195,3198,3092,3150,3195,3280,3380,3473,3398,3409,3369,3404,3369,3348,3275,3391,3350,3305,3374,3489,3470,3509,3620,3649,3612,3510,3400,3400,3495
Dyker Heights,Brooklyn,neighborhood,,,,,1200,,,1300,,1295,1295,1348,1400,1300,1300,1250,1325,1300,1350,1300,1450,1425,1600,,1400,1600,,,,,,,,,,,,1395,1348,1200,1225,1263,,,,,1825,,1750,1700,1600,1600,1475,1550,1450,1800,1800,1750,2100,1975,1800,1825,1825,1900,1900,2100,2050,1950,1950,1925,1875,1825,1925,2100,1995,2163,1950,1995,2200,2200,2300,2200,2200,2200,2200,2200,2198,2100,1999,1950,1950,1850,2050,1948,2193,2100,2148,1995,1950,2000,2145,1900,2000,2000,1950,2200,2200,2200,1899,2000,2160,1800,2000,2099,2195,1990,1940,2000,2100,2075,2100
East Brooklyn,Brooklyn,submarket,1700,1750,1650,1750,1750,1600,1500,1460,1500,1550,1600,1650,1695,1600,1695,1650,1695,1650,1700,1650,1700,1685,1750,1700,1700,1750,1800,1850,1800,1800,1800,1845,1881,1825,1900,1900,1990,1995,1950,2000,2100,2100,2100,2200,2200,2200,2200,2199,2150,2100,2200,2250,2300,2350,2325,2350,2300,2250,2295,2273,2275,2300,2300,2395,2400,2400,2475,2499,2400,2400,2350,2333,2350,2400,2400,2400,2500,2500,2500,2500,2495,2450,2400,2395,2350,2350,2350,2399,2400,2495,2500,2500,2499,2450,2400,2383,2350,2350,2400,2450,2500,2550,2649,2600,2575,2500,2485,2450,2450,2485,2500,2500,2550,2550,2600,2650,2650,2625,2599,2516,2599
East Elmhurst,Queens,neighborhood,,,,,,,,,,,,,,,,,,,,,,,,,,,,,,,,,,,,,,,,,,,,,,,,,,,,2125,,,,,,,,,,,,,,,,,,,,,,,,,,,,,,,,,,,,,,,,,,,,,,,,,,,,2450,,,,2423,,,,,,,,,,,,,
East Flatbush,Brooklyn,neighborhood,2000,1700,2100,2400,,,2350,2025,2350,2200,,1100,1075,1475,1448,1725,1775,1775,2275,2450,2450,2450,1800,1588,1900,1588,1600,1600,1600,1600,2198,1808,1488,1225,1175,1295,1295,1295,1325,1450,1800,1650,1675,1700,1600,1400,1500,1650,1650,1800,1525,1600,1900,1900,1750,1650,1463,1400,1400,1400,1400,1450,1450,1500,1650,1700,1795,1895,2000,1800,1700,1650,1800,1895,1800,1848,1800,1850,1850,1900,1900,1999,1925,1850,1900,2000,2000,2000,1999,1999,2050,2100,2000,1925,1950,1997,2080,2085,2095,2050,2195,2100,2150,2250,2399,2100,2100,2199,2195,2000,2200,2200,2125,2100,2100,2100,2166,2166,2150,2200,2200
East Harlem,Manhattan,neighborhood,1895,1900,1895,1975,1998,2095,2195,2185,2198,2180,2200,2175,2100,2000,2000,1975,1895,1900,1875,1897,1897,1950,1900,1997,2195,2100,2050,2050,2100,2000,2050,2100,2100,2104,2100,2153,2150,2195,2200,2173,2200,2203,2205,2193,2100,2000,2000,2000,1999,2048,2150,2150,2175,2100,2100,2050,2042,2095,2095,2100,2105,2173,2138,2250,2250,2295,2295,2250,2245,2291,2295,2247,2210,2250,2298,2350,2400,2400,2430,2385,2300,2300,2395,2379,2370,2325,2350,2350,2387,2400,2417,2395,2370,2366,2295,2350,2295,2295,2350,2250,2335,2350,2300,2300,2300,2295,2250,2200,2249,2375,2400,2400,2425,2400,2500,2450,2400,2400,2385,2375,2400
East New York,Brooklyn,neighborhood,,,,,,,,,,,,,,,,,,,,,,,,,,,1100,,,,,1350,1400,1450,1513,1450,1650,1650,1363,1363,1495,,1500,1498,1435,1350,1500,1500,1500,1495,1473,1500,1698,1673,1600,1650,1700,1775,1750,1650,1650,1600,1663,1675,1648,1749,1900,1800,1950,1850,1850,1850,1725,1925,1900,1900,1850,1875,2100,2150,2000,1875,2000,2000,1950,1950,2000,2000,2099,2000,2050,2100,1950,1850,1900,1995,2000,2100,2150,2100,2150,2150,2150,2200,2150,2199,2100,2195,2075,2150,2100,2125,2100,2150,2200,2150,2200,2250,2200,2200,2200
East Tremont,Bronx,neighborhood,,,,,,,,,,,,,,,,,,,,,,,,,,,,,,,,,,,,,,,,,,,,,,,,,,1319,,1209,,,1136,1150,1200,,1475,1312,1312,1320,1275,1510,1488,1500,1450,1725,1700,1775,1750,1450,1425,,1400,1400,,,,,1698,1695,,,1500,1588,1625,1850,1775,1750,1750,,1700,1690,1750,1700,1700,1700,1650,1663,,1775,1850,1850,1750,2100,1850,1910,1900,1800,1900,1625,1625,1625,,1643,1650,1650,1900,,1798
East Village,Manhattan,neighborhood,2500,2500,2400,2500,2595,2595,2600,2595,2695,2795,2698,2700,2700,2600,2695,2750,2900,2875,2800,2900,3295,2950,2900,2900,2995,2850,2885,2998,3000,3000,3000,3000,2995,3000,3000,3000,3100,3095,3025,3100,3100,3190,3162,3250,3250,3100,3100,3000,3000,3000,3000,3000,3200,3163,3200,3295,3200,3150,3100,3100,3000,2900,2950,3100,3115,3150,3200,3200,3173,3150,3095,3100,3100,3077,3200,3250,3300,3300,3299,3200,3148,3100,3100,3000,3000,3195,3190,3350,3350,3277,3250,3200,3000,3000,2900,2928,2995,3000,3050,3275,3495,3450,3381,3395,3275,3200,3150,3100,3095,3171,3195,3400,3500,3593,3550,3450,3400,3400,3400,3195,3200
Eastchester,Bronx,neighborhood,,,,,,,,,,,,,,,,,,,,,,,,,,,,,,,,,,,,,,,,,,,,,,,,,,,,,,,,,,,,,,,,,,,,,,,,,,,,,,,,,,,,,,,,,,,,,,,,,,,,,,,,,,,,,,,,,,,,,,,,,
Edenwald,Bronx,neighborhood,,,,,,,,,,,,,,,,,,,,,,,,,,,,,,,,,,,,,,,,,,,,,,,,,,,,,,,,,,,,,,,,,,,,,,,,,,,,,,,,,,,,,,,,,,,,,,,,,,,,,,,,,,,,,,,,,,,,,,,,,
Elmhurst,Queens,neighborhood,1113,1150,1188,1150,,1050,,,,,,,,,,,,1275,,1325,,,,,,,,,,,,1515,1515,1950,1950,1950,1900,1900,1900,1925,1900,1940,2150,1840,1940,2080,1899,1685,1658,1875,1950,1950,1750,1825,1900,1963,1800,1700,1700,1698,1650,1898,1924,1912,1925,2000,1838,1850,1788,1775,1825,1750,1750,1885,1850,1850,1675,1950,1888,1800,1825,1825,1775,1825,1825,2100,2000,2000,2100,1968,2090,1950,1950,1897,1896,1900,1950,1935,1935,1913,1850,1750,1913,1990,2040,1900,1850,1900,1900,1900,1900,1900,1900,2125,2098,2095,1842,1950,1913,1875,1938
Financial District,Manhattan,neighborhood,3198,3100,3015,3000,3200,3244,3107,3100,3025,3250,3250,3215,3300,3400,3395,3225,3300,3450,3500,3500,3595,3595,3485,3400,3400,3395,3300,3497,3433,3500,3675,3600,3700,3650,3900,3664,3500,3415,3350,3350,3395,3450,3500,3550,3550,3550,3509,3500,3500,3495,3495,3500,3550,3550,3500,3500,3600,3589,3500,3500,3499,3609,3595,3605,3685,3665,3700,3650,3695,3654,3550,3528,3500,3517,3550,3595,3600,3650,3700,3625,3663,3646,3500,3484,3450,3475,3565,3595,3650,3612,3768,3750,3698,3618,3650,3645,3580,3734,3595,3595,3600,3628,3744,3798,3755,3737,3698,3650,3733,3790,3695,3890,3875,3876,3875,3795,3795,3788,3865,3775,3851
Flatbush,Brooklyn,neighborhood,,1600,,1595,,1450,,1165,1180,1165,1150,1100,1100,1100,1125,1925,1950,1725,1413,1200,1100,1250,1300,1313,1338,1400,1413,,,1350,1425,1400,1425,1325,1350,1500,1500,1500,1500,1450,1500,1600,1500,1678,1600,1600,1575,1500,1600,1688,1688,1625,1700,1600,1750,1700,1650,1550,1575,1750,1737,1713,1750,1799,1800,1800,1849,1900,1875,1850,1850,1850,1850,1850,1850,1900,1895,1932,1900,1900,1900,1900,1900,1895,1895,1900,1900,1950,1950,2000,2100,2050,2000,2095,1995,1950,2000,2000,2000,1950,2050,2095,2099,2200,2200,2134,2145,2100,2085,2150,2095,2165,2150,2238,2249,2250,2300,2310,2299,2338,2380
Flatiron,Manhattan,neighborhood,3895,3750,3550,3695,3893,3850,3900,3999,4100,3995,3875,3900,3995,4200,4100,4150,4000,3925,3995,3975,4400,4150,4200,4425,3800,3950,3950,3850,4450,4475,4388,4350,4395,4173,4300,4300,4350,4358,4198,4195,4221,4350,4350,4373,4077,3995,3849,3817,4196,4200,4296,4395,4591,4500,4638,4820,4895,4495,4395,4395,4490,4553,4870,4898,5070,5100,4998,4995,5000,5000,4950,5000,5000,4995,4685,4670,4560,4700,4900,4813,4912,4795,4611,4605,4525,4595,4498,4600,4698,4595,4500,4800,4800,4600,4763,4698,4600,4551,4495,4495,4552,4595,4600,4600,4863,4850,4500,4620,4775,4885,4788,4828,4950,4950,4995,5183,5125,4969,4928,4928,4850
Flatlands,Brooklyn,neighborhood,,,,,,,,,,,,,,,,,,,,,,,,,,,,,,,,,,,,,,,,,,,,,,,,,,,,,,,,,,,,,,,,,,,,,,,,,,,,,,,,,,1800,,,,,,,2100,2150,,,,,2100,,1850,2000,,,,,,1875,2200,2000,1925,1925,,2499,2448,,,2150,1600,,2150,2000,,1850,
Floral Park,Queens,neighborhood,,,,,,,,,,,,,,,,,,,,,,,,,,,,,,,,,,,,,,,,,,,,,,,,,,,,,,,,,,,,,,,,,,,,,,,,,,,,,,,,,,,,,,,,,,,,,,,,,,,,,,,,,,,,,,,,,,,,,,,,,
Flushing,Queens,neighborhood,1575,1450,1400,1350,1300,,1300,,,,,1295,1295,1295,1295,1295,1295,1295,1375,1450,1450,1325,1282,1295,1288,1292,1399,1500,1450,1398,1495,1513,1500,1513,1563,1625,1525,1500,1460,1600,1600,1588,1838,1950,1950,1675,1508,1555,1498,1600,1825,1838,1790,1798,1900,1950,1850,1825,1875,1795,1700,1750,1700,1750,1825,1800,1850,1850,1800,1800,1750,1750,1780,1863,2025,2050,2100,2100,1825,1838,2000,2150,2063,2150,2200,2188,1925,2000,2000,2200,2300,2200,1950,2000,1988,1887,1950,1863,1800,1950,1975,1975,1898,1995,1998,1850,1910,1910,1885,1900,1938,1950,1950,2000,2000,1925,1900,1843,1846,1850,1890
Fordham,Bronx,neighborhood,,,,,,,,,,,,,,,,,,,,,,,,,,,,,,,,,,1075,1200,,,,,,,,,,,,,,,,,,,,,,,,1195,1250,1250,1450,1400,1199,1250,1313,1323,1425,1400,1400,1413,1600,1450,1350,1413,1463,1550,1550,1550,1550,1550,1500,1525,1495,1475,1625,1825,1700,1783,1750,1815,1795,1825,1800,1708,1753,1845,1718,1823,1749,1750,1700,1825,1940,2000,1900,1673,1723,1750,1750,1698,1700,1800,2000,1923,1750,1883,1695,1625,1650,1623
Forest Hills,Queens,neighborhood,2000,1800,1700,1663,1550,1588,1700,1750,1695,1725,1675,1650,1663,1650,1675,1773,1825,1850,1895,2100,2248,2150,1998,1850,1825,1995,1850,1850,1825,1825,2025,2050,2025,2100,1895,2050,1995,1900,1800,1800,1800,1800,2050,1950,2050,1875,1900,2050,2100,2095,2025,2015,1950,2015,2015,2295,2015,2000,2100,2195,2015,2015,2015,2015,2100,2213,2138,2300,2300,2295,2195,2200,2200,2195,2100,2163,2195,2163,2200,2200,2200,2150,2125,2150,2100,2100,2000,2000,1997,2100,2138,2100,2100,2100,2100,2050,2000,2000,2100,1983,1975,1975,2000,2100,2100,2000,2000,1993,2048,2000,2050,2100,2100,2100,2200,2300,2200,2150,2145,2190,2150
Fort Greene,Brooklyn,neighborhood,2470,2200,2200,2200,2225,2373,2400,2400,2400,2425,2400,2425,2400,2500,2500,2500,2500,2600,2500,2600,2600,2525,2500,2500,2500,2550,2600,2758,2700,2500,2650,2700,2575,2550,2625,2750,2600,2895,2889,2800,2550,2600,2725,2725,2775,2700,2700,2700,2750,2650,2698,2700,2750,2795,2750,2800,2645,2650,2650,2695,2700,2850,2930,2950,2850,2825,2895,2850,2800,2750,2800,2710,2700,2700,2800,2700,2800,2861,2899,2995,2900,2800,2785,2723,2750,2800,2865,3000,2900,2950,2900,2900,2842,2750,2700,2738,2700,2700,2700,2800,2800,2875,2995,2950,2894,2850,3048,2950,2800,2895,3000,3300,3498,3309,3375,3300,3000,3088,3100,3173,3293
Fresh Meadows,Queens,neighborhood,,,,,,,,,,,,,,,,,,,,,,,,,,,,,,,,,,,,,,,,,,,,,,,,,,,,,,,,,,,,,,,,,,,,,,,,,,,,,,,,,,,,,,1925,1950,2100,1975,2375,2450,,,,,,,,,,,,,,,,,,,,,2188,,,,,,,,,
Gerritsen Beach,Brooklyn,neighborhood,,,,,,,,,,,,,,,,,,,,,,,,,,,,,,,,,,,,,,,,,,,,,,,,,,,,,,,,,,,,,,,,,,,,,,,,,,,,,,,,,,,,,,,,,,,,,,,,,,,,,,,,,,,,,,,,,,,,,,,,,
Glen Oaks,Queens,neighborhood,,,,,,,,,,,,,,,,,,,,,,,,,,,,,,,1850,,,1850,,,,,,,,,,,,,1788,,1763,1775,1750,1750,,,,,,,,,,,,,,,,,,,,,,,,,,,,,,,,,,,,,,,,,,,,,,,,,,,,,,,2000,,,,,,,,,,,,,,
Glendale,Queens,neighborhood,,,,,,,,,,,,,,,,,,,,,,,,,,,,,,1450,1450,1500,1700,1750,1575,1400,1450,1450,,,,,1400,,1400,1388,1363,,1475,1550,1500,1695,1713,1638,1725,1450,,1775,1700,1700,1797,1800,1700,1750,1875,2000,2000,1800,1850,1825,1800,2000,1875,1875,1875,1899,2000,2000,1875,1863,2000,1900,2000,2078,2200,2200,2000,2000,2000,2000,2000,2000,1925,2023,2050,1999,2000,2000,2000,2150,2200,2100,2250,2000,2000,2075,2050,1999,2000,2000,2292,2246,2113,2000,2100,2200,2273,2200,2100,2100,2185
Gowanus,Brooklyn,neighborhood,,1600,,,1800,,,,,2600,2200,2550,2400,2300,2675,2713,2500,3100,2920,3475,3475,3055,2950,3184,,,1925,2255,2255,2200,2650,2650,2850,2675,2638,2900,2569,2950,3000,3034,3050,3200,3050,2875,2950,2900,2850,2975,2950,3200,3500,3275,3100,3195,3000,2773,2600,3375,3650,3000,2825,2995,2850,3100,3350,3200,3250,3400,3250,3250,3250,3300,3400,3398,3150,3200,3231,3000,3000,3263,3000,3000,3046,3000,3050,3000,2800,2760,2900,2881,2880,3000,3000,2800,2776,2695,2753,2756,2629,2770,3200,3000,3200,3300,2765,2875,2855,2888,3105,2900,2650,2700,2847,3390,3000,3000,3500,3225,3200,3135,2856
Gramercy Park,Manhattan,neighborhood,3100,3000,2995,3100,2995,2950,2900,3100,3200,3200,3450,3355,3195,3200,3100,3000,3050,3099,2950,2995,3450,3548,3500,3398,3495,3250,3250,3200,3395,3300,3273,3300,3425,3500,3500,3500,3295,3395,3500,3363,3498,3250,3395,3495,3500,3400,3500,3500,3495,3300,3385,3400,3355,3300,3300,3350,3350,3250,3395,3498,3550,3500,3300,3500,3500,3500,3500,3595,3750,3500,3500,3625,3690,3690,3650,3695,3800,3650,3600,3597,3500,3300,3297,3395,3461,3500,3500,3595,3600,3500,3495,3490,3495,3300,3200,3300,3450,3500,3525,3485,3800,3500,3590,3565,3700,3500,3613,3650,3550,3798,3825,3795,4000,4225,4300,4173,4195,3800,3800,4000,4038
Gravesend,Brooklyn,neighborhood,,1519,1400,1388,,,,,,1325,1313,1300,1300,1275,1400,,,1475,1423,1498,1250,1359,1250,1275,1500,1445,,,1250,1410,1410,1500,1563,1250,1325,1495,1400,1375,1375,1413,1393,1400,1600,1700,1500,1550,1525,1500,1475,1450,1400,1400,1400,1400,1600,1700,1450,1495,1625,1600,1650,1675,1700,1700,1695,1625,1675,1700,1750,1750,1750,1675,1750,1725,1775,1850,1925,1985,1695,1775,1800,1825,1910,1773,1800,1895,1800,1800,1750,1800,1800,1713,1800,1710,1875,1735,1698,1700,1750,1799,1913,1799,1800,1850,1750,1950,1800,1725,1713,1725,1750,1750,1798,1742,1799,1800,1880,1900,1900,1800,1978
Greenpoint,Brooklyn,neighborhood,2300,2225,2350,2300,2300,2250,2400,2500,2575,2700,2600,2500,1950,2200,2300,2425,2500,2500,2375,2400,2300,2495,2325,2500,2300,2300,2300,2600,2600,2500,2500,2700,2500,2650,2650,2700,2500,2650,2650,2650,2650,2795,2750,2800,2750,2950,2750,2695,2800,2850,2750,2850,3000,3000,2850,2850,2800,2800,2700,2599,2500,2500,2575,2700,2650,2600,2800,2850,2850,2800,2700,2700,2725,2695,2760,2838,2800,2800,2850,2915,2850,2825,2850,2800,2800,2800,2750,2750,2795,2900,2900,2795,2850,2702,2699,2597,2600,2597,2700,2750,2763,2995,3000,2950,2900,2800,2765,2800,2849,2799,2750,2850,3135,3100,3200,3318,3300,3100,2999,2968,3150
Greenwich Village,Manhattan,neighborhood,3200,3200,2979,3000,3000,3000,3000,3000,3650,3800,3700,3563,3400,3500,3250,3250,3300,3200,3000,3600,3938,3950,3973,3950,3695,3650,3700,3750,3595,3495,3600,3700,3973,3750,3895,3683,3600,3795,3600,3500,3500,3450,3500,3500,3485,3573,3658,3681,3750,3800,3795,3695,3700,3495,3450,3495,3500,3895,3895,3895,3850,3700,3700,3625,3550,3500,3550,3800,3997,4173,4048,4073,4000,3898,3995,3900,3775,3795,3795,3795,3900,3900,3800,3825,3850,3798,3800,3800,3713,3595,3600,3500,3600,3593,3550,3500,3550,3773,3550,3650,3650,3800,3800,3700,3800,3700,3975,3900,4195,3850,3798,3750,3995,3850,4000,4000,4750,4773,4450,4300,4295
Greenwood,Brooklyn,neighborhood,1775,1750,1700,1700,1800,1800,2000,2400,2500,2125,1999,1900,1900,1395,1950,2450,2450,2000,2000,2050,2125,2650,2400,2100,1948,2000,2000,2000,1998,1950,1950,2150,2125,2048,2200,2250,2100,2100,2150,2100,1900,2150,2200,2200,2400,2350,2250,2000,2000,2000,2200,2200,2200,2200,2200,2100,2100,2150,2200,2200,2200,2125,2125,2200,2200,2200,2300,2298,2300,2300,2295,2275,2200,2200,2200,2175,2200,2300,2300,2400,2200,2100,2100,2100,2198,2200,2197,2300,2300,2350,2300,2350,2300,2500,2450,2375,2190,2250,2400,2425,2525,2665,2673,2750,2600,2400,2395,2200,2250,2350,2300,2348,2492,2450,2499,2550,2398,2497,2500,2400,2496
Hamilton Heights,Manhattan,neighborhood,1650,1700,1688,1800,1695,1750,1795,1750,1900,1875,1800,1800,1775,1688,1663,1650,1700,2050,2025,2000,2275,2200,2350,2400,2450,2100,1900,1875,1950,2175,1995,1925,1850,1960,2100,2150,1995,2100,2000,1997,2198,2100,2100,2100,2273,2100,2150,2000,2100,2100,2100,2125,2173,2100,2250,2250,2200,2250,2250,2288,2300,2400,2300,2275,2400,2500,2500,2500,2400,2295,2300,2400,2400,2400,2500,2400,2373,2300,2300,2350,2350,2338,2400,2450,2400,2375,2387,2400,2432,2500,2465,2400,2495,2400,2350,2300,2250,2200,2398,2575,2475,2400,2500,2500,2595,2400,2487,2400,2350,2395,2450,2500,2500,2550,2550,2600,2595,2450,2450,2425,2350
Highbridge,Bronx,neighborhood,,,1125,,,,,,,,,,,,,,,,,,,,,,,,,,,,,,,,,,,,1248,,,,,,,,,,,,,,,,,,1525,1525,1525,1400,1250,1350,1275,1297,,1525,1250,1688,1500,1675,1348,1700,1900,1900,,1650,1650,1700,1700,1700,1638,1699,1600,1549,1650,1650,1650,1588,1625,1750,1800,1750,2030,1850,1790,1790,1885,1970,1800,1763,1800,1800,1775,1725,1800,1995,1950,1950,2196,2166,1850,1630,1636,1850,1948,1850,1675,1750,1800,1900,1935
Hillcrest,Queens,neighborhood,,,,,,,,,,,,,,,,,,,,,,,,,,,,,,,,,,,,,,,,,,,,,,,,,,,,,,,,,,,,,,,,,,,,,,,,,,,,,,,,,,,,,,,2500,2425,2350,2375,2525,,,,,,,,,2550,,,,4075,,,,3350,3100,,3200,,2850,2500,2300,,,,,,
Hollis,Queens,neighborhood,,,,,,,,,,,,,,,,,,,,,,,,,,,,,,,,,,,,,,,,,,,,,,,,,,,,,,,,,,,,,,,,,,,,,,,,,,,,,,,,,,,,,,,,,,,,,,,,,,,,,,,,,,,,,,,,,,,,,,,,,
Howard Beach,Queens,neighborhood,,,,,,,,,,,,,,,,,,,,,,,,,,,,,,,,,,,,,,,,,,,,,,,,,,,,,,,,,,,,,,,,,,,,,,1400,1400,,,,,,,,,,,,,,,,,,,2200,1950,,,1725,,,,,1800,,,,,,2000,,2000,2000,,,,,,,,,,,,,
Hunts Point,Bronx,neighborhood,,,,,,,,,,,,,,,,,,,,,,,,,,,,,,,,,,,,,,,,,,,,,,,,,,,,,,,,,,,,,,,,,,,,,,,,,,,,,,,,,,,,,,,,,,1650,1650,,,,2125,,1625,,,,,,,,,,,,,,,,,,,,,,,,
Inwood,Manhattan,neighborhood,1400,1395,1395,1395,1350,1349,1363,1450,1595,1595,1595,1600,1700,1595,1573,1600,1573,1395,1500,1468,1600,1625,1450,1510,1475,1450,1465,1453,1475,1545,1545,1550,1525,1499,1425,1450,1450,1400,1500,1413,1538,1700,1700,1675,1600,1725,1738,1725,1750,1588,1587,1650,1603,1650,1650,1700,1750,1750,1800,1650,1782,1750,1685,1850,1800,1895,1950,1950,1800,1900,1900,1879,1901,1791,1846,1950,1950,1850,1850,1813,1800,1795,1795,1795,1750,1800,1850,1875,1881,1850,1850,1850,1845,1845,1750,1795,1850,1850,1900,1900,1850,2000,1998,1925,1925,1975,1900,1875,1800,1938,1918,1950,1895,1963,2060,2050,2069,2100,2000,2000,2038
Jackson Heights,Queens,neighborhood,1250,1250,1425,,,1363,1375,,,,,1525,,,1345,1345,1375,1375,1325,1450,1525,,1395,1500,1500,1500,1500,1440,1500,1500,1500,1500,1575,1700,1675,1600,1548,1600,1600,1650,1575,1500,1625,1500,1575,1600,1625,1600,1600,1725,1750,1750,1750,1700,1700,1700,1700,1700,1700,1700,1750,1750,1750,1750,1750,1800,1800,1813,1800,1798,1800,1800,1800,1800,1750,1800,1800,1842,1863,1900,1875,1900,1913,1950,1950,1850,1850,1850,1850,1850,1850,1850,1900,1850,1900,1925,1900,1950,1895,1875,1850,1850,1950,1950,1950,1900,1795,1795,1794,1800,1850,1900,1970,2000,2100,2000,2000,1950,2000,1999,2000
Jamaica,Queens,neighborhood,,,,,,,,,,,,,,1525,,,,,,,,,,,1750,1758,1758,1616,1616,1899,1758,,,,,,,,,1573,1595,1500,1545,1795,1650,1595,1688,1750,,,1595,,,,,,2000,1645,1695,1850,2150,,1813,1550,1600,1695,1625,1625,1600,1549,1750,1945,1800,1800,1950,1994,1875,,,1956,1854,1902,1902,1950,1903,1950,2010,2000,1975,2383,2450,1725,1763,2050,1828,1828,1995,1995,1995,1998,1946,2200,2383,2329,2275,2170,2170,2125,2170,1993,2100,2170,2170,2170,2170,2178,2200,2200,2200,2200,2200
Jamaica Estates,Queens,neighborhood,,,,,,,,,,,,,,,,,,,,,,,,,,,,,,,,,,,,,,,,,,,,,,,,,,,,,,,1525,1650,1673,,1650,1700,1700,,1573,,1650,1695,1625,1700,1700,1650,1613,1638,1625,1650,1573,1550,1625,1700,1700,1900,1700,1700,1750,2025,2250,2195,1738,1795,1600,1750,1938,2998,2495,1995,1995,1875,1850,1800,1888,1800,1833,2545,2320,2273,2325,2288,1800,2192,1550,2098,1799,1785,1895,1895,1884,1849,1800,1750,1625,1785,1895
Jamaica Hills,Queens,neighborhood,,,,,,,,,,,,,,,,,,,,,,,,,,,,,,,,,,,,,,,,,,,,,,,,,,,,,,,,,,,,,,,,,,,,,,,,,,,,,,,,,,,,1613,1650,1588,1625,1925,2000,,2250,,,,,,,,,,,2400,2400,,,,,,,,,,,,1875,1795,1850,1895,2375,1850,
Kensington,Brooklyn,neighborhood,1800,1775,1775,1975,,,,1700,1675,1600,1650,1600,,1650,2400,1700,1700,1688,1550,1600,1675,1638,1500,1550,1650,1525,1600,1800,1800,1600,1550,1650,1800,1850,1988,1700,1500,1500,1700,1650,1850,1650,1650,1750,1800,2000,2000,1800,1750,1695,1900,1900,1900,1900,1800,1750,1800,1950,1925,1875,1799,1829,1870,2000,1995,2000,2100,2000,2100,2225,2193,2050,2100,2000,2000,2100,2049,2000,2100,2163,2100,2150,2100,2100,2100,1970,1895,1900,1950,2000,2100,2050,2000,2050,2000,2000,2095,2100,2100,1988,1995,2000,2200,2200,2100,2000,2095,2100,2100,2150,2000,2200,2100,2100,2250,2295,2372,2175,2200,2000,2000
Kew Gardens,Queens,neighborhood,1500,1425,1463,1438,1425,1350,1438,1450,,1399,,,,1725,1500,1412,1300,1375,,1450,1450,1450,1468,,1485,1525,1500,1438,1750,2100,2250,2877,2995,3046,2225,2150,1650,1673,1648,1575,1750,1900,1900,1850,2000,1800,1733,1800,1850,1750,1550,1550,1650,1650,1650,1950,1755,1700,1650,1695,1725,1725,1750,1850,1850,1750,1850,1950,1913,1950,1898,2000,2000,1800,1800,1900,1950,1950,2000,1975,1800,1850,1900,2000,1950,1895,1925,2000,1850,1846,1825,1950,1875,1925,2000,2000,2000,1850,1950,1895,1838,2000,1895,1875,1800,1860,1850,1973,1850,1895,1900,1998,2050,2031,1947,1975,1900,1875,1843,1875,1900
Kew Gardens Hills,Queens,neighborhood,,,,,,,,,1798,,,,,,,,,,,,,,,,,,1363,1450,1573,1573,,,,,,1623,,,,1695,1695,,,,,1875,1700,1750,2150,2075,2075,1800,1800,1800,1725,2075,1775,2175,2100,1750,1750,1725,1550,1738,1875,1744,1950,1775,1775,1950,1950,1913,1925,1875,1950,1955,1788,1900,1950,2050,2045,2013,2000,2007,1975,1975,1975,1950,1925,1875,1811,1975,1975,1975,1975,1850,1900,1875,1895,2000,2000,2000,1899,1875,2000,2000,1983,1853,1895,2013,1878,1856,1833,2025,2008,1929,1950,1985,1913,1810,1925
Kingsbridge,Bronx,neighborhood,1184,1193,1300,1300,1200,1200,,,,,,,,,,,,,,,,,,,,2150,2165,2225,2350,,,1750,1750,1525,1388,1300,1325,1295,1295,1250,1150,1150,1248,1555,1610,1610,1500,1450,1450,1200,1350,1500,1550,1630,1548,1450,1348,1350,1400,1500,1450,1500,1475,1400,1475,1450,1475,1625,1625,1500,1575,1600,1550,1500,1600,1675,1695,1700,1800,2017,1850,1900,2000,2000,1925,1600,1750,1697,1919,1625,1625,1700,1625,1750,1750,1725,1550,1625,1775,2000,1950,1850,1738,1750,1798,1750,1750,1695,1650,1826,1875,1825,1950,1799,1725,1837,1850,1800,1700,1800,1825
Laconia,Bronx,neighborhood,,,,,,,,,,,,,,,,,,,,,,,,,,,,,,,,,,,,,,,,,,,,,,,,,,,,,,,,,,,,,,,,,,,,,,,,,,,,,,,,,,,,,,,,,,,,,,,,,,,,,,,,,,,,,,,,,,,,,,,,,
Laurelton,Queens,neighborhood,,,,,,,,,,,,,,,,,,,,,,,,,,,,,,,,,,,,,,,,,,,,,,,,,,,,,,,,,,,,,,,,,,,,,,,,,,,,,,,,,,,,,,,,,,,,,,,,,,,,,,,,,,,,,,,,,,,,,,,,,1900
Little Italy,Manhattan,neighborhood,3295,3050,3000,2999,2885,2600,3700,3795,5200,4750,4800,4750,4725,4450,4725,3200,3300,3075,3700,3995,4175,3500,2950,2950,3500,3450,3548,3450,2875,2599,2499,2500,2800,2575,3700,4125,4000,3950,3500,4650,3650,3300,3400,3198,3125,3100,3175,3225,3250,3498,3500,3148,2875,3250,3400,3700,2750,2650,2500,2500,2647,2799,2895,2895,3000,2800,3099,3600,3500,3000,3448,3600,3400,3075,2800,2838,3100,3100,3500,3500,3300,3050,3150,3150,3050,3100,3050,3000,2799,2800,2800,3000,2795,2700,2795,2613,2600,2600,2998,3000,3045,2848,2900,2795,2700,3100,3150,3000,3200,3048,3000,3550,3350,3400,3200,3563,3450,3400,3325,3342,3250
Little Neck,Queens,neighborhood,,,,,,,,,,,,,,,,,,,,,,,,,,,,,,,,,,,,,,,,,,,,,,,,,,,,,,,,,,,,,,,,,,,,,,,,,,,,,,,,,,,,,,,,,,2600,2550,,,,,,,,,,,,,,,,,,,,,,,,,,,2498,,,
Long Island City,Queens,neighborhood,2325,2500,2525,2600,2700,2725,2678,2680,2758,2735,2700,2715,2668,2650,2750,2775,2850,2875,2940,2905,3000,2900,2900,2788,2800,2930,2915,2938,2850,2885,2885,2875,2900,2900,2903,2860,2798,2838,2850,2995,2995,2995,2950,2900,2825,2778,2998,3063,3024,2939,2800,2800,2783,2730,2673,2750,2895,2995,2995,2995,3000,3025,2950,2971,2950,3100,3100,2995,2995,2900,2910,3000,2995,3000,3108,3100,3150,3163,3150,3100,3053,2980,2952,2992,3025,3000,2980,2995,2910,3000,3055,3100,3000,2898,2829,2830,2828,2895,2949,2900,3025,3100,3113,3116,3204,3095,3095,3098,3050,3000,3068,3185,3250,3271,3296,3396,3300,3327,3245,3200,3199
Longwood,Bronx,neighborhood,,,,,,,,,,,,,,,,,,,,,,,,,,,,,,,,,,,,,,,,,,,,,,,,,,,,,,,,,,,,,,,,,,,,,,,,,,,,,,,,,,,,,,,1800,1575,,1563,,,,,,,,,,,,,1650,1550,,2088,,,2028,2065,2175,2000,2025,1923,,,,,,,
Lower East Side,Manhattan,neighborhood,2295,2250,2295,2250,2495,2400,2400,2500,2598,2500,2500,2600,2500,2500,2400,2395,2395,2400,2495,2595,2700,2700,2695,2300,2450,2650,2800,2995,2795,2750,2695,2700,2800,2750,2850,2998,2873,2993,2899,2895,2845,2825,2795,2795,2900,2850,2795,2800,2846,2750,2800,2795,2800,2950,2950,3000,3000,2995,2995,3000,2998,2995,2850,2895,2995,3100,3150,3195,3225,3000,3000,3000,3000,3000,2995,3075,3200,3325,3297,3300,3295,3100,3098,2900,2895,3100,3000,3000,3200,3156,3200,3197,3099,3000,2995,2950,2995,2950,3030,3200,3250,3200,3250,3300,3300,3300,3300,3250,3200,3250,3250,3400,3598,3650,3450,3500,3550,3612,3698,3750,3825
Manhattan,Manhattan,borough,2800,2795,2721,2800,2800,2820,2875,2895,2995,3000,2995,2950,2950,2995,2950,2995,3000,3100,3100,3150,3250,3250,3250,3200,3165,3100,3100,3195,3200,3200,3200,3200,3250,3200,3250,3243,3200,3200,3200,3200,3195,3150,3195,3225,3269,3250,3250,3245,3200,3200,3200,3271,3292,3250,3200,3200,3200,3200,3200,3200,3200,3250,3250,3295,3325,3350,3350,3395,3400,3350,3295,3300,3300,3300,3350,3391,3400,3395,3370,3300,3345,3300,3300,3254,3230,3257,3250,3300,3300,3300,3300,3300,3300,3277,3200,3202,3204,3208,3200,3250,3300,3300,3300,3300,3300,3261,3258,3295,3285,3300,3300,3400,3483,3500,3500,3500,3500,3500,3550,3550,3579
Manhattan Beach,Brooklyn,neighborhood,,,,,,,,,,,,,,,,,,,,,,,,,,,,,,,,,,,,,,,,,,,,,,,,,,,,,,,,,,,,,,,,,,,,,,,2900,3700,,,,,4100,,,,,,,,,2500,,,,,,,,,,,,,,,,,,,,,,,,,,,,,,,,,,,
Marble Hill,Manhattan,neighborhood,,,,,,,,,,,,,,,,,,,,,,,,,,,,,,,,,,,,,,,,,,,,,,,,,,,,,,,,,,,,,,,,,,1750,,,,,,,,,,,,,,,,,,,,,,,,,2200,2235,2200,,,,,2200,2255,2320,,,2240,2220,2013,1975,2160,,,2050,2198,2363,,,2075,2175,,,2362,,2295
Marine Park,Brooklyn,neighborhood,,,,,,,,,,,,,,,,,,,,,,,,,,,,,,,,,,,,,,,,,,,,,,,,,,,,,,,,,,,,,,,,1700,1800,1600,1525,1700,1825,,,1750,,,2150,,2000,1800,,1868,2200,,,2050,1875,1850,,,1750,1750,1950,2000,,,2096,2271,2300,2300,,,,,,1699,,2250,2700,2500,1700,2000,2325,,,,,2195,2200,,,,
Maspeth,Queens,neighborhood,,,,,,,,,,,,,,,1500,,,,,,,,,,,,,,,,1625,,,,1550,,1550,1550,1575,,,,,,,,,,1850,1650,1675,,1700,1850,1725,1625,1900,1800,2150,1800,2400,2400,2400,2000,1950,1900,2000,1950,1900,1800,1800,1875,1850,1850,1800,2100,2000,2100,2200,2175,2100,2000,2100,2100,2000,2025,2100,2125,2100,2150,2187,2200,2200,2095,2000,2000,2100,2000,2150,2125,2000,2200,2075,2200,2095,2050,2025,2038,2100,2100,2200,2100,2049,2199,2167,2100,2200,2098,2000,1950,1950
Melrose,Bronx,neighborhood,,,,,,,,,,,,,,,,,,,,,1237,1243,1243,1150,,,,,,,,,,,,,,,,,,,,,,,,,,,,,,,,,,,,,,,,,,,,,,,,,,,,,,,,,,,,,,,,1713,1925,1982,2000,2025,,1880,1817,,,,,,1900,1663,,1842,1775,1675,,,1840,1840,1837,1750,1844,1975,2034,2016,1987,1920,1920,1920,1795
Middle Village,Queens,neighborhood,,,,,,,,,,,,,,,,,,,,,,,,,,,,,,,,,,,,,,,,,,,,,,,,,,,,,,1798,1798,,,1800,1800,1775,1775,,1875,1900,2075,2150,2000,2000,2000,2000,2000,2100,1880,1800,1850,1800,1999,1999,1999,2000,2000,2000,2000,2025,2100,2100,2250,1900,1875,2000,1973,1950,2000,1999,1875,1723,,2200,2000,2075,2085,2199,2050,2100,2200,2200,2050,2000,2099,1950,2199,2200,2200,2000,2200,2050,2300,2450,2450,2100,2200
Midtown,Manhattan,neighborhood,3700,3800,3800,4000,3948,3995,3900,3898,3900,3800,3900,3948,3995,4198,3925,4000,3995,3995,4165,4298,4100,4295,4350,4200,4225,4200,4000,4150,4273,4150,4000,4000,4200,4095,4000,4000,3900,4100,4000,3995,3900,3995,3850,3900,3900,4000,3950,3800,3825,3800,3957,3900,3825,3900,3850,3845,3863,3995,4000,3995,4200,4000,4000,4000,4200,4100,4124,3985,3975,3995,3975,4000,4000,4250,4000,4000,4057,4095,4000,3950,3983,3900,3900,3950,3960,4000,4000,4000,4200,4200,4200,3827,4000,3925,3886,3900,3900,3958,3900,3815,3800,3900,3895,3900,3969,3995,4000,3961,3897,3923,4000,4000,4200,4198,4125,4000,4125,4304,4500,4500,4250
Midtown East,Manhattan,neighborhood,2695,2625,2650,2700,2700,2700,2800,2800,2800,2800,2900,2895,2900,2995,2950,3000,3050,3200,3200,3170,3200,3200,3200,3150,3100,3054,3050,3095,3100,3100,3100,3150,3195,3150,3150,3150,3150,3200,3195,3195,3195,3195,3195,3200,3200,3200,3200,3215,3195,3200,3200,3250,3231,3250,3200,3243,3200,3200,3295,3226,3295,3300,3300,3350,3400,3400,3400,3400,3450,3350,3338,3350,3300,3372,3350,3400,3400,3395,3400,3400,3400,3395,3330,3304,3295,3350,3333,3395,3395,3400,3385,3325,3300,3318,3195,3200,3250,3285,3295,3350,3400,3400,3450,3400,3395,3400,3400,3445,3395,3400,3400,3450,3500,3510,3595,3600,3595,3572,3600,3558,3600
Midtown South,Manhattan,neighborhood,3200,3250,3250,3350,3400,3400,3400,3380,3390,3325,3450,3400,3450,3300,3425,3550,3450,3498,3500,3500,3398,3300,3475,3300,3500,3300,3300,3500,4050,3895,3770,3700,3650,3700,3600,3498,3500,3450,3450,3450,3555,3500,3550,3538,3500,3538,3595,3500,3380,3513,3450,3495,3650,3650,3550,3650,3650,3598,3695,3800,3700,3600,3698,3695,3710,3778,3793,3950,3950,3895,3900,3950,3950,3950,3895,3895,3930,3950,3965,3925,3992,3995,3965,3950,3895,3950,3965,3964,3923,3875,3950,3969,3965,3950,3689,3623,3554,3600,3600,3660,3688,3950,3850,4045,3969,3965,3862,3873,3790,3900,3995,3923,4033,4107,4150,4097,4195,4065,4033,4160,4042
Midtown West,Manhattan,neighborhood,2600,2650,2650,2650,2790,2800,3000,2895,2953,3000,3000,2995,2950,2983,3055,3100,3150,3100,3195,3200,3270,3260,3255,3298,3200,3150,3290,3300,3300,3250,3300,3350,3390,3350,3450,3475,3397,3400,3390,3350,3290,3300,3275,3300,3346,3395,3350,3350,3350,3350,3425,3320,3450,3450,3400,3330,3300,3400,3433,3450,3450,3500,3495,3495,3500,3500,3485,3490,3490,3400,3350,3300,3276,3305,3395,3450,3453,3400,3400,3400,3450,3400,3369,3331,3300,3323,3215,3342,3400,3416,3450,3495,3446,3400,3300,3300,3300,3300,3300,3390,3440,3495,3458,3462,3500,3495,3467,3500,3450,3500,3500,3500,3575,3600,3650,3700,3660,3636,3646,3680,3693
Midwood,Brooklyn,neighborhood,1825,1850,1675,1725,,1725,1650,1525,,1300,1448,1300,1275,1349,1349,1399,1500,1500,1500,1500,1473,1500,1500,1400,1400,1300,1300,1400,1500,1450,1400,1375,1375,1325,1400,1350,1350,1300,1300,1500,1550,1575,1350,1400,1350,1400,1400,1350,1350,1350,1463,1525,1575,1595,1600,1600,1508,1533,1495,1495,1500,1525,1560,1550,1600,1725,1700,1799,1763,1750,1750,1700,1675,1763,1775,1850,1850,1897,1863,1825,1838,1725,1800,1830,1800,1825,1900,1900,1800,1850,1800,1750,1850,1787,1800,1700,1765,1750,1725,1750,1750,1750,1795,1850,1895,1815,1820,1799,1850,1847,1850,1899,1900,1875,1900,2075,1950,1975,2000,2100,2100
Mill Basin,Brooklyn,neighborhood,,,,,,,,,,,,,,,,,,,,,,,,,,,,,,,,,,,,,,,,,,,,,,,,,,,,,,,,,,,,,,,,,,,,,,,,,,,,,,,,,,,,,,,,,,,,,,,,,,,,,,,,2400,,,,,,,,,,,,,,,,,
Morningside Heights,Manhattan,neighborhood,2200,2150,2100,2000,2050,2156,2200,1995,1998,2373,2396,2396,2396,2373,2373,2500,2450,2395,2863,2875,2995,2500,2625,2650,2813,2675,2521,2795,2950,2950,2973,2745,2875,2775,2725,2700,2575,2650,2699,2775,2798,2800,2850,2875,3000,3075,2993,2993,3280,3130,3225,3275,3350,3200,3300,3369,3275,3145,3265,3308,3000,3000,3250,3280,3345,3400,3455,3450,3300,3338,3000,3000,2950,3163,3254,3280,3254,3280,3323,3250,3295,3300,3292,3208,3284,3197,3190,3227,3200,3080,3100,3100,3000,2875,2887,2979,2900,2979,2995,3000,3100,3150,3100,3200,3050,3010,2975,2917,2985,2845,2917,2998,3100,3370,3238,3345,3345,3123,3200,3295,3260
Morris Heights,Bronx,neighborhood,,,,,,,,,,,,,,,,,,,,,,,,,,,,,,,,,,,,,,,,,,,,,,,,,,,,,,,,1295,1250,1250,1250,1295,1295,1295,1295,1295,1295,1295,,1914,1450,1595,,,1700,1600,1545,1545,2000,,,1525,1473,1525,1563,1600,1460,1495,1795,1495,1495,1650,1600,1700,1675,1675,1675,,,,,,,,1750,1800,1800,1595,1602,1698,1695,1695,1650,1650,,1800,1848,2100,2100,2050,1884,1967,1967
Morris Park,Bronx,neighborhood,,,,,,,,,,,,,,,,,,,,,,,,,,,,,,,,,,,,,,,,,,,,,,,,,,,1300,1350,1387,1399,1472,1400,1400,1400,1400,1400,1400,1400,1400,1450,1400,1492,1484,1450,1450,1500,1500,1450,1450,1450,1450,1450,1450,1500,1500,1500,1500,1550,1500,1500,1500,1550,1575,1600,1600,1700,1625,1600,1695,1600,1600,1600,1800,1825,1900,1899,1850,1850,1824,1838,1800,1850,1650,1650,1763,1775,1700,1750,1800,1900,1900,1995,1899,2225,2200,,1745
Morrisania,Bronx,neighborhood,,,,,,,,,,,,,,,,,,,,,,,,,,,,,,,,,,,,,,,,,,,,,,,,,,,,,,,,,,,,,,,,1123,1123,,,,,,,,,,,,,,,,1850,1700,,,,,,,,,,,,,,,1825,,,,,,,1775,1623,2200,1700,2000,1700,,,1800,1875,1887,2108,2031,2050,1849,,,1850
Mott Haven,Bronx,neighborhood,,,,,1600,,,,,,,1500,1500,,,926,763,926,,,,,,,,,,,,,,,,,,,,,,1500,1500,1900,1900,1800,,,,,1800,1800,1850,,1575,1599,1600,1600,1625,1500,1525,1665,1699,1700,1700,1750,1750,1700,1725,1750,1875,2000,2150,2100,2100,2050,2150,1850,1800,1913,1948,1900,1900,1900,2350,2367,2200,1988,2118,1950,1950,1950,1950,1950,1860,1925,2155,2155,2155,2200,2200,2238,2250,2280,2300,2250,2125,2000,2000,1950,2025,2295,2238,2250,2250,2475,2455,2383,2350,2295,2185,2189,2275
NYC,,city,2650,2600,2600,2650,2695,2700,2750,2750,2825,2846,2800,2750,2750,2750,2750,2800,2800,2900,2900,2950,3000,3000,3000,2995,2970,2930,2950,2995,2995,2995,2995,3000,3050,3000,3000,3000,2995,3000,3000,2999,2995,2995,2995,3000,3000,2995,2950,2940,2900,2900,2900,2950,2950,2920,2890,2895,2850,2825,2800,2800,2800,2800,2800,2850,2855,2899,2900,2950,2900,2895,2828,2850,2862,2895,2900,2933,2950,2979,2973,2950,2900,2875,2800,2800,2750,2750,2700,2750,2775,2795,2800,2865,2800,2795,2700,2700,2695,2668,2699,2750,2795,2800,2825,2800,2790,2700,2657,2650,2695,2700,2700,2800,2850,2900,2950,2950,2950,2920,2900,2900,2929
New Hyde Park,Queens,neighborhood,,,,,,,,,,,,,,,,,,,,,,,,,,,,,,,,,,,,,,,,,,,,,,,,,,,,,,,,,,,,,,,,,,,,,,,,,,,,,,,,,,,,,,,,,,,,,,,,,,,,,,,,,,,,,,,,,,,,,,,,,
Nolita,Manhattan,neighborhood,3248,2825,3195,3273,3325,3350,2900,3395,3348,3500,3100,2995,3300,3300,2825,3200,3395,3200,3495,3495,3685,3548,3995,3598,3595,3495,3495,3495,3495,3495,3495,3495,3395,3395,3395,3225,3395,3100,3225,3300,3495,3795,3600,3495,3495,2500,3395,3400,3300,3225,3300,3398,3400,3400,3495,3495,3495,3420,3500,3495,3595,3450,3495,3595,3500,3595,3595,3595,3550,3500,3500,3550,3595,3560,3595,3973,3795,3750,3695,3695,3850,3800,3875,3800,3600,3995,3600,3748,3679,3723,3795,3795,3625,3495,3498,3500,3500,3495,3500,3595,3645,3695,3895,3714,3595,3650,3700,3500,3375,3495,3534,3750,3850,3795,3795,3895,3795,3795,3800,3895,3738
North Brooklyn,Brooklyn,submarket,2500,2475,2484,2500,2550,2625,2700,2800,2850,2900,2750,2700,2600,2650,2700,2850,2850,2900,2900,2857,2850,2900,2975,2850,3000,2995,2950,3000,3000,3150,3100,3000,3300,3300,3277,3369,3200,3200,3150,3000,3000,3200,3200,3150,3100,3050,3029,2950,3000,3000,3000,3150,3195,3200,3200,3200,3115,3047,3000,3000,3000,3000,3000,3050,3000,3150,3250,3200,3133,3115,3138,3196,3195,3081,3025,3000,3100,3100,3100,3100,3095,3074,3000,2999,2999,2990,3000,3000,3000,3099,3095,3000,3000,2980,2886,2800,2800,2888,2900,2954,2999,3000,3000,3000,2999,2995,2900,2875,2952,2995,2969,3138,3249,3250,3399,3400,3495,3499,3499,3500,3486
North Corona,Queens,neighborhood,,,,,,,,,,,,,,,,,,,,,,,,,,,,,,,,,,,,,,,,,,,,,,,,,,,,,1475,1850,,,,,,,1748,1550,1595,,,1595,1595,,,1995,1850,,1613,1675,,,,,,,,,,,,,,1775,1725,2250,1763,,,1695,1550,,1575,1610,1700,1725,1633,1950,1950,1700,1698,,,1645,1550,,1650,1985,2325,1850,2495,1750,,,1775,2100,
Northeast Queens,Queens,submarket,1650,1600,1625,1450,1400,1350,1400,1550,1550,1600,1473,1495,1495,1500,1500,1500,1600,1700,1725,1775,1650,1500,1600,1575,1575,1525,1626,1663,1700,1700,1700,1850,1795,1850,1725,1700,1650,1673,1700,1700,1700,1700,1798,1850,1900,1790,1725,1800,1800,1750,1700,1750,1725,1775,1765,1950,1873,1850,1895,1800,1800,1800,1800,1850,1850,1850,1890,1900,1895,1950,1895,1900,1900,1925,1955,2000,1998,1950,1950,1895,1950,2000,1950,1999,1975,1975,1925,2000,1963,2000,2100,2000,1900,1975,2000,1900,1975,1899,1899,1950,1963,2000,1995,1963,1995,1925,1950,2000,1925,1963,1999,1995,1975,2000,2000,1975,1985,1900,1882,1890,1946
Northwest Brooklyn,Brooklyn,submarket,2300,2300,2290,2300,2400,2400,2475,2500,2600,2600,2489,2400,2495,2500,2500,2500,2500,2575,2600,2715,2800,2800,2700,2700,2800,2785,2800,2800,2800,2800,2850,3000,3000,3000,2998,3000,2850,2900,2950,3000,2997,3000,3000,3075,3000,2956,2900,2900,2950,2950,2946,2950,2950,2950,2950,3000,2900,2990,3000,2900,2900,2950,3000,3000,3000,2999,3000,3020,3100,3000,3000,2995,3000,3000,3030,3050,3100,3092,3060,3048,3000,3000,2970,2925,2950,2993,2950,2995,2999,3000,3000,3000,2995,2998,2913,2979,2995,2950,3000,3000,3157,3195,3200,3199,3100,3025,3100,3125,3100,3090,3127,3290,3342,3400,3400,3430,3426,3400,3301,3300,3400
Northwest Queens,Queens,submarket,1800,1817,1944,1950,1950,2000,2000,2030,2200,2313,2198,2100,1900,2000,1900,1900,1985,2200,2150,2200,2500,2200,2600,2250,2200,2810,2785,2760,2745,2720,2765,2758,2670,2585,2400,2378,2300,2275,2200,2300,2300,2300,2375,2500,2550,2400,2500,2400,2325,2250,2200,2500,2400,2495,2395,2395,2350,2350,2300,2295,2300,2295,2300,2400,2400,2400,2400,2475,2400,2350,2395,2400,2350,2400,2400,2450,2500,2500,2500,2550,2500,2400,2395,2350,2300,2300,2300,2300,2300,2350,2351,2422,2400,2350,2350,2300,2250,2250,2250,2295,2300,2300,2350,2400,2400,2300,2300,2295,2300,2300,2300,2379,2400,2400,2450,2499,2500,2550,2550,2500,2550
Norwood,Bronx,neighborhood,,,,,,,,,,,,,,,,,,,,,,,,,,,,,,,,,,,,,,,,1595,,,,,1250,1225,1200,,,1200,1200,,,,1300,1300,1300,1300,1400,1400,1350,1400,1400,1400,1400,1500,1413,1400,1449,1400,1400,1352,1350,1350,1425,1498,1425,1400,1425,1400,1498,1500,1500,1463,1495,1500,1475,1495,1485,1475,1500,1550,1550,1675,1695,1500,1683,1595,1499,1475,1475,1900,1750,1550,1550,1550,1675,1795,1675,1475,1500,1598,1600,1625,1650,1722,1750,1760,1835,1675,1735
Oakland Gardens,Queens,neighborhood,,,,,,,,,,,,,,,,,,,,,,,,,,,,,,,,,,,,,,,,,,,,,,,,,,,,,,,,1800,,,,2000,1925,1875,1975,2100,2025,1950,1950,2000,1950,1850,1850,,,,1850,1800,1800,2150,1950,1750,2050,2125,2100,1725,1700,1725,1725,2075,2150,1763,2100,1763,,1700,1650,1650,,,,,,,,,,,1775,2200,2000,,,,1750,1975,2075,,,,,,1900
Ocean Parkway,Brooklyn,neighborhood,,,,,,,,,,,,,,,,,,,,,,,,,,,,,,,,,,,,,,,,,,,,,,,,,,,,,,,,,,,,,,,,,,,,,,,,,,,,,,,,,,,,,,,,,,,,,,,,,,,,,,,,,,,,,,,,,,,,,,,,,
Old Mill Basin,Brooklyn,neighborhood,,,,,,,,,,,,,,,,,,,,,,,,,,,,,,,,,,,,,,,,,,,,,,,,,,,,,,,,,,,,,,,,,,,,,,,,,,,,,,,,,,,,,,,,,,,,,,,,,,,,,,,,,,,,,,,,,,,,,,,,,
Ozone Park,Queens,neighborhood,,,,,,,,,,,,,,,,,,,,,,,,,,,,,,,,,,,,,,,,,,,,,,,,,,,,,,,,,,,,,,,,,,,,,,,,,,,,,,,,,,,,,,,,,,,,,,,,,,,,,1475,1580,1650,1550,1475,1500,,,,1613,,,,,,,,,2000,,
Park Slope,Brooklyn,neighborhood,2200,2150,2200,2200,2450,2485,2400,2400,2600,2500,2350,2395,2498,2500,2500,2500,2573,2700,2600,2700,2800,2800,2800,2708,2600,2550,2700,2725,2700,2850,2700,2750,2850,2850,2900,2800,2650,2600,2595,2650,2800,2800,2750,2800,2750,2700,2631,2607,2600,2695,2695,2750,2800,2850,2800,2800,2800,2850,2800,2800,2837,2887,2900,2875,2900,2950,2995,2850,2800,2800,2800,2800,2850,2800,2800,2850,2895,2900,2900,2900,2900,2800,2800,2800,2795,2750,2700,2700,2800,2800,2800,2800,2900,2800,2800,2800,2800,2750,2700,2831,2880,2884,2900,2950,2963,2995,2950,2915,2850,2850,2895,2900,3000,3000,3100,3138,3000,3295,3000,2997,3000
Parkchester,Bronx,neighborhood,,,,,,,,,,,,,,1300,,1200,1100,1163,,,,,,,,,,,,,,,,,,,,,,1300,,1238,,,1425,1175,1100,,,,,,,,1240,1240,1235,1255,1262,1244,1300,1415,1414,1225,1250,1238,1225,1295,1297,1297,1250,1400,1620,1345,,,,,1500,1840,1610,1582,1558,1550,1550,1680,1625,1846,1680,1605,1600,1598,1608,1450,1395,1395,1425,1425,1435,,1450,1450,1495,1513,1500,1507,1513,1483,1514,1514,1542,1695,1588,1549,1700,1600,1600,1600,,,
Pelham Bay,Bronx,neighborhood,,,,,,,,,,,,,,,,,,,,,,,,,,,,,,,,,,,,,,,,,,,,,,,,,,,,,,,,,,,,,,2000,1322,1300,,1300,2125,,,,,1500,,1425,,,,1500,,,,1500,1500,1500,1413,1375,,,1448,1500,1563,1625,1700,1625,1625,1500,1550,,,1800,1695,,1550,1800,1750,1700,2000,1950,,1588,1650,1725,1625,,,1850,,,,,
Pelham Gardens,Bronx,neighborhood,,,,,,,,,,,,,,,,,,,,,,,,,,,,,,,,,,,,,,,,,,,,,,,,,,,,,,,,,,,,,,,,,,,,,,,,,1905,1899,1862,,,,,,,1700,,,,,,,,,,1750,,,1800,,,,,,,,,1875,,,,,,,,,,,,,,,,,
Pelham Parkway,Bronx,neighborhood,,,,,,,,,,,,,,,,,,,,,,,,,,,,,,,,,,,,,,,,,,,,,,,,,,,,,,,,,,,,,,,,,,,,,,,,,,,,,,,,,,,,,,,,,,,,,,,,,,,,,,,,,,,,,,,,,,,1750,1600,1913,1824,1812,1895,2000
Pomonok,Queens,neighborhood,,,,,,,,,,,,,,,,,,,,,,,,,,,,,,,,,,,,,,,,,,,,,,,,,,,,,,,,,,,,,,,,,,,,,,,,,,,1900,,,,,,,,,,,,,,,2200,2200,,,,,,,,,,,,,,,,,,,,,,,,,,,,,,
Port Morris,Bronx,neighborhood,,,,,,,,,,,,,,,,,,,,,,,,,,,,,,,,,,,,,,,,,,,,,,,,,,,,,,,,,,,,,,,,,,,,,,,,,,,,,,,,,,,,,,,,,,,,,,,,,,,,,,,,,,,,,,,,,,,,,,,,,
Prospect Heights,Brooklyn,neighborhood,2150,2150,2000,2000,2000,2300,2300,2100,2050,2500,2250,1925,2300,2500,2398,2525,2623,2498,2550,2700,2700,2525,2500,2450,2250,2300,2398,2500,2400,2550,2500,2650,2450,2500,2300,2275,2400,2725,2625,2725,2500,2500,2600,2650,2625,2700,2600,2550,2500,2700,2450,2725,2800,2800,3000,2800,2800,2691,2695,2600,2678,2700,2710,2725,2900,2900,2900,2995,2796,2727,2800,2795,2750,2775,2895,2850,2850,2850,2800,2875,2985,2975,2725,2650,2700,2800,2800,2850,2966,2956,2950,2900,2900,2850,2800,2800,2800,3000,2985,2850,3000,3071,3150,2995,2900,2865,2775,2950,2950,2850,2800,2900,2950,2998,3162,3070,3450,3305,3223,3434,3231
Prospect Lefferts Gardens,Brooklyn,neighborhood,1795,,,1700,1725,1200,,,1413,,1300,1250,1400,1400,1400,1325,1500,1250,1250,1450,1488,1488,1500,1625,1600,1698,1800,1800,2000,1800,1673,1695,1650,1650,1673,1650,1488,1500,1800,1950,2250,2400,2200,2200,1925,1850,1800,1700,1725,1725,1800,1900,1800,1800,1950,1975,2000,1797,1799,1800,1750,1750,1798,1800,1800,1700,1700,1750,1750,1900,1888,1800,1900,1950,1963,2000,2000,2000,2100,2168,2200,2200,2150,2154,2137,2200,2200,2195,2095,2175,2200,2099,2112,2099,2000,2150,2010,2200,2249,2350,2400,2400,2464,2300,2300,2250,2250,2299,2250,2299,2397,2360,2399,2459,2385,2400,2310,2400,2300,2200,2400
Prospect Park,Brooklyn,submarket,2100,2100,2100,2185,2200,2300,2350,2300,2400,2400,2200,2200,2299,2350,2400,2425,2500,2500,2550,2550,2700,2613,2600,2500,2450,2400,2500,2595,2600,2700,2595,2500,2600,2600,2600,2500,2500,2500,2500,2500,2595,2700,2638,2698,2613,2600,2575,2500,2500,2500,2500,2550,2650,2700,2700,2650,2700,2600,2600,2600,2650,2600,2600,2650,2700,2700,2750,2700,2600,2600,2605,2600,2600,2595,2650,2700,2700,2675,2600,2600,2647,2650,2600,2600,2545,2550,2571,2600,2650,2700,2700,2700,2650,2600,2500,2499,2500,2500,2500,2550,2650,2700,2750,2700,2695,2600,2600,2600,2599,2595,2599,2700,2795,2800,2800,2800,2781,2850,2700,2700,2700
Prospect Park South,Brooklyn,neighborhood,,,,,,,,,,,,,,,,,,,,,,,,,,,,,,,1350,1200,1350,,1550,,1575,1550,1400,1400,1450,1600,1450,1450,1425,1700,2000,1900,1750,2025,2200,2148,2263,2100,2273,2175,2300,2300,2398,2175,2100,1900,2000,2050,2050,1800,1850,1900,1913,1998,2150,2150,2125,2173,2150,2173,2100,2095,2100,2000,2050,2100,2025,1973,2000,1985,1999,2150,2250,2125,1999,2000,2050,1999,1950,1995,2100,2000,1975,2150,2150,2175,2100,2150,2100,2076,1985,2100,2150,2150,2195,2200,2290,2250,2250,2200,2199,2177,1999,2250,2200
Queens,Queens,borough,1655,1675,1700,1695,1550,1550,1550,1550,1563,1600,1550,1550,1550,1550,1650,1650,1750,1800,1775,1800,1850,1795,1795,1800,1800,2500,2500,2350,2495,2460,2450,2375,2200,2113,2000,2000,2000,2000,2000,2000,2100,2100,2200,2245,2300,2200,2155,2100,2100,2095,2000,2245,2100,2300,2175,2200,2150,2100,2100,2100,2100,2100,2100,2100,2195,2200,2200,2250,2200,2200,2200,2200,2200,2200,2200,2300,2300,2302,2300,2350,2300,2250,2211,2250,2200,2200,2200,2200,2200,2200,2250,2300,2250,2200,2200,2195,2150,2150,2200,2200,2200,2200,2250,2297,2260,2200,2195,2150,2200,2200,2200,2250,2250,2300,2300,2300,2300,2300,2299,2250,2300
Queens Village,Queens,neighborhood,,,,,,,,,,,,,,,,,,,,,,,,,,,,,,,,,,,,,,,,,,,,,,,,,,,,,,,,,,,,1725,,,,,,,,,,1663,,,,,,,1675,,,,,1850,1975,,1775,,,,,,1900,,,,,,,1798,,,,,,,,,,,,,,,,,,,,,,,
Red Hook,Brooklyn,neighborhood,2000,,,,,,,,2200,2150,1800,1850,1750,1700,1650,1750,,1925,1775,1775,,2250,2300,2300,1950,2000,2000,2300,2250,2300,2400,2400,2350,2350,2200,2400,2500,2500,2500,2500,2600,2550,2500,2400,2700,2500,2425,2425,2500,2500,2500,2500,2695,2800,2650,2500,2550,2475,2600,2600,2500,2300,2450,2400,2500,2500,2406,2299,2250,2655,2815,3000,3000,3150,2900,2950,2875,2673,2950,3000,2999,2698,2695,2375,2475,2500,2850,2699,2600,2699,2650,2800,2800,2850,2850,2850,2700,2800,2825,2775,2800,2800,2550,2600,2625,2500,2700,2767,2613,2750,2800,2700,2850,3000,2700,2700,2800,2749,2725,2700,2725
Rego Park,Queens,neighborhood,1375,1400,1425,1300,1400,1718,1635,1568,1350,1375,1400,1400,1500,1500,1500,1618,1775,1700,1575,1450,1500,1550,1675,1525,1610,1550,1525,1400,1540,1525,1500,1500,1465,1500,1500,1550,1600,1600,1600,1563,1450,1582,1800,1675,1700,1788,1700,1704,1717,1800,1800,1725,1725,1725,1765,1800,1850,1850,1850,1925,1900,1900,1900,1850,1875,1900,1998,2000,2000,2100,2100,2100,2150,2200,2100,2100,2150,2100,2200,2300,2325,2300,2300,2370,2200,2158,2150,2127,2075,2185,2175,2300,2200,2200,2000,2000,2050,2000,2035,2048,2000,1960,2095,2150,2104,2121,2025,2050,1998,2054,2138,2095,1950,2052,2100,2150,2200,2000,2111,2101,2128
Richmond Hill,Queens,neighborhood,,,,,,,,,,,,,,,,,,,,,,,,,,,,,,,,,,,,,,,,,,,,,,,1500,,,,,,,,,,,,,,1400,1500,1600,,,1600,1575,,,,1575,1500,1400,1450,1725,,,,,,,,,,1650,1650,,,,1700,1700,,,,,,,,2100,1775,1625,,,,1900,1850,1650,1650,1788,,,,1675,1713,1688,1695,,1675,2050,1850,1850
Ridgewood,Queens,neighborhood,,,,,,,,,,,,,,,,,,,,,,1525,1500,,,2915,2915,2760,1950,2567,2590,2613,1600,2399,2338,2384,2392,2292,2246,2292,2050,1800,2050,1900,1750,2600,2600,2600,2250,2000,2145,2025,2300,2070,2045,2248,2200,2200,2200,2200,2200,2200,2300,2295,2500,2395,2263,2400,2295,2250,2275,2300,2299,2500,2400,2500,2600,2500,2500,2499,2500,2350,2350,2397,2495,2495,2500,2499,2500,2599,2600,2550,2400,2300,2250,2385,2385,2400,2450,2499,2550,2550,2600,2600,2495,2500,2493,2400,2363,2300,2400,2500,2599,2675,2700,2700,2500,2500,2498,2400,2544
Riverdale,Bronx,neighborhood,1800,1750,1675,1800,1900,2000,2200,2525,2200,1925,2000,2000,1775,1600,2125,2100,2023,2100,1938,1850,1750,1973,1950,1750,1750,1800,1800,1895,1800,1750,1800,1810,1999,1873,1850,1800,1800,1800,1825,1838,1938,1875,1999,2025,2175,1975,2062,1950,1850,1898,2000,2050,2050,2100,2108,2100,2108,2100,2098,2100,2100,2175,2100,2100,2098,2173,2200,2200,2100,2100,2150,2200,2050,2000,2000,2000,2173,2143,2175,2271,2300,2100,2200,2194,2000,2000,2000,2095,2050,2100,2200,2200,2138,2050,2045,2045,2128,2200,2273,2395,2248,2300,2250,2150,2175,2150,2200,2300,2250,2200,2200,2200,2188,2200,2275,2300,2250,2280,2290,2300,2378
Rockaway All,Queens,neighborhood,,,,,,,,,,1650,1650,,,,,,,,,,,,,,,,,,,,,,,,,,,,,,,,1450,1282,1399,1399,1350,1300,1350,1475,1350,1350,1399,1387,1425,1540,1399,1550,1563,1475,1530,1550,1450,1488,1590,1550,1488,1550,1500,1450,1625,1449,1413,1462,1450,1500,1950,1850,1850,1900,1900,1900,1900,1875,1800,1825,1775,1625,1737,1897,1825,1725,1775,1750,1900,1895,2446,1837,2300,2300,2038,1950,2100,1925,1920,1925,2050,2010,1948,1900,1850,1999,1898,2050,2063,2082,1999,2000,1997,2000,1867
Roosevelt Island,Manhattan,neighborhood,2577,2555,2404,2570,2585,2500,2600,2646,2600,2975,2600,2425,2313,2313,2386,2475,2775,2588,2775,2775,2775,2895,2790,2843,2425,2625,3175,3013,3195,3025,3025,3048,2813,3095,2775,2795,2850,3000,3025,3095,3173,3150,3195,3200,3250,2895,2795,2945,3250,3195,3195,3255,3373,3263,3225,3225,3095,2995,2995,3350,3010,2995,3300,3350,3230,3450,3375,3395,3195,2965,2995,3105,3160,3828,3607,3023,3655,3390,3390,3198,3330,3123,3146,3386,3182,3253,2915,3348,3278,3333,3285,3128,2785,2850,2850,2915,2995,3265,3200,3150,3210,3210,3480,3660,3415,3378,3277,3277,3423,3224,3250,3345,3278,3593,3595,3500,3595,3610,3850,3400,3400
Rosedale,Queens,neighborhood,,,,,,,,,,,,,,,,,,,,,,,,,,,,,,,,,,,,,,,,,,,,,,,,,,,,,,,,,,,,,,,,,,,,,,,,,,,,,,,,,,,,,,,,,,,,,,,,,,,,,,,,,,,,,,,,,,,,,,,,,
Schuylerville,Bronx,neighborhood,,,,,,,,,,,,,,,,,,,,,,,,,,,,,,,,,,,,,,,,,,,,,,,,,,,,,,,,,,,,,,,,,,,,,,,,,,,,,,,,,,,,,,,,,,,,,,,,,,,,,,,,,,,,,,,,,,,,,,,,,
Seagate,Brooklyn,neighborhood,,,,,,,,,,,,,,,,,,,,,,,,,,,,,,,,,,,,,,,,,,,,,,,,,,,,,,,,,,,,,,,,,,,,,,,,,,,,,,,,,,,,,,,,,,,,,,,,,,,,,,,,,,,,,,,,,,,,,,,,,
Sheepshead Bay,Brooklyn,neighborhood,1400,1225,1200,1250,1750,1725,,1300,,,2125,2350,2200,1525,1350,1350,1375,1413,1400,1400,1600,1550,1400,1400,1500,1500,1500,1550,1500,1400,1500,1500,1500,1400,1400,1400,1400,1500,1488,1513,1525,1600,1600,1600,1600,1564,1675,1700,1700,1600,1600,1600,1600,1600,1600,1650,1625,1570,1663,1650,1638,1625,1700,1675,1613,1595,1600,1650,1650,1750,1900,1713,1795,1850,1800,1850,1900,1800,1800,1750,1793,1795,1790,1790,1850,1950,1925,1950,1900,1850,1825,1900,1850,1725,1849,1998,1925,1890,1800,1890,1900,1850,1900,1900,1995,1795,1750,1775,1750,1750,1800,1800,1925,1835,1835,2000,1998,1845,1950,1973,2190
Soho,Manhattan,neighborhood,5200,5288,5275,4950,4197,4000,4000,4000,5850,7000,7000,7100,5051,6250,5350,6000,6000,4650,4200,3850,5400,6515,5400,4950,5400,5200,5400,5400,5000,4100,3975,4417,4875,6000,5700,5500,5500,4495,4495,4995,4500,4495,3842,4125,4113,4048,4500,4750,4750,4400,4500,4500,4375,4000,3995,3850,4000,4600,4500,4100,4500,4500,4500,4750,4977,4625,4375,4500,5000,5500,5500,5020,4900,4188,4700,4948,4675,4650,4750,4500,5495,5500,5750,5250,4900,4795,4615,4700,4700,4500,5005,4897,4950,5200,5800,6499,5500,6000,5400,5000,4998,4500,4999,5500,5500,5400,5500,5778,6200,6200,4829,4650,5050,5000,5148,5195,5195,5195,6550,6150,5095
Soundview,Bronx,neighborhood,,,,,,,,,,,,,,,,,,,,,,,,,,,,,,,,,,,,,,,,,,,,,,,,,,,,,,,,,,,1263,1400,1395,1395,1400,1400,1450,1325,1300,1275,1290,1400,1488,1700,1700,1550,1765,,,,1606,1600,1588,1580,1584,1675,1700,1800,1650,1675,1700,1750,1700,1875,1675,1688,1600,,1615,1675,1650,1900,2063,2025,2000,1875,1995,1898,1800,1725,1725,1513,1950,2025,1947,1813,1513,1650,1765,1850,1969,1895,2250
South Brooklyn,Brooklyn,submarket,1595,1550,1475,1450,1500,1500,1500,1450,1500,1400,1450,1450,1400,1395,1425,1500,1500,1550,1550,1500,1500,1500,1500,1450,1500,1500,1500,1550,1600,1550,1595,1600,1600,1550,1525,1600,1500,1500,1525,1600,1600,1650,1700,1750,1745,1700,1675,1663,1650,1650,1650,1650,1800,1800,1800,1775,1750,1700,1750,1750,1750,1750,1800,1825,1850,1850,1850,1900,1900,1900,1900,1900,1900,1900,1900,1995,1995,1999,1995,2000,1995,1995,1995,1960,1950,1980,1950,1995,1999,2000,2000,2000,2000,2000,1970,1965,2000,2000,1999,1999,2000,2063,2099,2100,2095,2000,2000,2000,2000,2000,2000,2050,2100,2095,2100,2100,2100,2100,2100,2195,2199
South Jamaica,Queens,neighborhood,,,,,,,,,,,,,,,,,,,,,,,,,,,,,,,,,,,,,,,,,,,,,,,,,,,,,,,,,,,,,,,,,,,,,,,,,,,,,,,,,,,,,,,,,,,,,,,,,,,,,,,,,,,,,,,,,,,,,,,,,
South Ozone Park,Queens,neighborhood,,,,,,,,,,,,,,,,,,,,,,,,,,,,,,,,,,,,,,,,,,,,,,,,,,,,,,,,,,,,,,,,,,,,,,,,,,,,,,,,,,,,,,,,,,,,,,,,,,,,,,,,,,,,,,,,,,,,,,,,,
South Queens,Queens,submarket,,,,,,,,,,,,,1550,1550,1550,1563,1550,1400,1250,1500,1550,1450,1575,1650,1500,1500,1499,1479,1499,1575,1459,1400,1400,1400,1335,1335,1450,1500,1500,1550,1525,1450,1523,1550,1650,1598,1575,1600,1638,1595,1595,1500,1595,1595,1595,1695,1675,1600,1600,1650,1700,1700,1700,1663,1725,1650,1650,1650,1650,1600,1600,1650,1625,1650,1650,1875,1700,1700,1795,1898,1833,1800,1855,1900,1750,1800,1900,1963,1950,1995,1950,1825,1950,1995,1900,1875,1900,1850,1950,1850,1850,1971,2000,2050,2000,1995,1925,1850,1988,1869,1934,2000,1995,1900,2000,1999,2100,2000,2000,2000,2000
South Richmond Hill,Queens,neighborhood,,,,,,,,,,,,,,,,,,,,,,,,,,,,,,,,,,,,,,,,,,,,,,,,,,,,,,,,,,,,,,,,,,,,,,,,,,,,,,,,,,,,,,,,,,,,,,,,,,,,,,,,,,,,,,,,,,,,,,,,,
Springfield Gardens,Queens,neighborhood,,,,,,,,,,,,,,,,,,,,,,,,,,,,,,,,,,,,,,,,,,,,,,,,,,,,,,,,,,,,,,,,,,,,,,,,,,,,,,,,,,,,,,,,,,,,,,,,,,,,,,,,,,,,,,,,,,,,,,,,,
St. Albans,Queens,neighborhood,,,,,,,,,,,,,,,,,,,,,,,,,,,,,,,,,,,,,,,,,,,,,,,,,,,,,,,,,,,,,,,,,,,,,,,,1500,,,,,,,,,,,,,,,,,,,,,,,,,,,,,,,,,,,,,,,,1800,,1525,,,,,,,
Staten Island,Staten Island,borough,,,,,,,,,,,,,,,,,,,,,,,,,,,,,,1400,1400,1400,1375,1500,1770,2095,1968,1968,2095,1995,1325,1325,1325,1650,2100,1175,1175,1275,1453,1475,1775,1700,1700,1600,1623,1750,1650,1600,1800,1700,1600,1650,1500,1500,1500,1675,1750,1900,1848,1675,1823,1885,1950,1900,1975,2000,2050,2075,2075,2000,2000,1960,1900,1980,1950,1900,1900,1918,2000,2073,1950,1950,1790,1875,1900,1925,1800,1842,1800,1825,1829,1887,1950,2000,2000,1865,1967,1872,1856,1853,1890,1875,2050,2050,2000,2045,2200,2200,2200,2000,1952
Stuyvesant Town/PCV,Manhattan,neighborhood,,,,,,2903,,,,,,,,,,,,,,,,,3963,3574,3817,3555,3455,3705,3443,3516,3615,3760,3700,3650,3825,3850,3900,3808,3458,2965,2965,2965,,,,4190,4190,3299,3317,3644,3652,3851,3770,3567,3629,3603,3551,3421,3286,3525,3500,3637,4081,4215,3701,3553,3682,3717,3712,3744,3776,3724,3926,3969,4292,4197,4019,4022,4391,4271,4157,4167,3991,3879,4049,3915,4040,4112,4106,4222,4182,4266,4435,4620,4475,4710,4157,4191,3804,3833,3818,3807,3822,3966,3769,4052,3741,3774,4127,3690,3655,3887,3910,3792,3881,3881,3885,3880,3885,3742,3957
Sunnyside,Queens,neighborhood,1550,1475,1500,1550,1450,1400,1400,1460,1475,1460,1445,1445,1450,1445,1463,1535,1475,1550,1550,1638,1573,1500,1600,1625,1650,1650,1650,1650,1650,1725,1663,1650,1500,1550,1550,1623,1575,1595,1600,1650,1675,1800,1700,1700,1775,1700,1700,1750,1750,1800,1850,1843,1850,1875,1850,1800,1800,1850,1850,1899,1875,1850,1800,1895,1950,1950,2000,2000,2000,2099,2013,2050,2050,2000,2000,2000,1950,1950,1975,2025,2050,2005,2000,1995,2000,1970,1950,1950,2000,2000,2000,2000,1975,2000,1975,2000,1950,1950,1999,2000,2000,2000,2000,2000,2000,1925,1958,1963,1950,1938,1975,1995,1950,1950,1995,2050,2056,2113,2050,2050,2000
Sunset Park,Brooklyn,neighborhood,1500,1500,1400,1400,1425,1450,1400,1425,1375,1488,1338,1288,1075,1500,1650,1500,1350,1425,1400,1400,,,,1550,,,1525,,,1598,1648,1850,1850,1750,1700,1700,1600,1450,1750,1675,1800,1850,1900,1843,1900,1850,1600,1700,1500,1500,1700,1800,1850,1850,1875,1850,1850,1850,1900,1900,1825,1850,1875,1995,2000,2000,1995,1850,1850,1950,1850,2000,2000,1998,1995,2000,2000,2200,2000,2000,2000,2000,2000,1960,1960,1950,2000,2000,2025,2100,2195,2025,2050,2000,2000,2000,1999,2000,1999,1995,2154,2200,2200,2000,2000,1994,2000,1950,1975,1900,2000,2000,2150,2150,2199,2145,2000,2099,2100,2100,2100
The Rockaways,Queens,submarket,,,,,,,,,,1650,1650,,,,,,,,,,,,,,,,,,,,,,,,,,,,,,,,1450,1282,1399,1399,1350,1300,1350,1475,1350,1350,1399,1387,1425,1540,1399,1550,1563,1475,1530,1550,1450,1488,1590,1550,1488,1550,1500,1450,1625,1449,1413,1462,1450,1500,1950,1850,1850,1900,1900,1900,1900,1875,1800,1825,1775,1625,1737,1897,1825,1725,1775,1750,1900,1895,2446,1837,2300,2300,2038,1950,2100,1925,1920,1925,2050,2010,1948,1900,1850,1999,1898,2050,2063,2082,1999,2000,1997,2000,1867
Throgs Neck,Bronx,neighborhood,,,,,,,,,,,,,,,,,,,,,,,,,,,,,,,,,,,,,,,,,,,,,,,,,,,,,,,,,,,,,,,1975,,2200,2375,,2199,1900,1800,1900,1850,1900,,,,1325,1545,,,1788,,1775,,,1800,,,1750,2000,1950,1763,2150,1950,1850,1800,2100,1875,1850,,,2499,2400,2400,2200,2150,2150,2150,1600,1788,,2000,2000,1950,1975,,1950,2150,2250,2399,
Tremont,Bronx,neighborhood,,,,,,,,,,,,,,,,,,,,,,,,,,,,,,,,,,,,,,,,,,,,,,,,,,,,,,,,,1300,1325,1350,1288,1350,,1350,1575,1475,1550,1775,1750,1313,1300,1350,1363,1598,1550,1425,1485,1498,1675,1675,1699,1568,1500,1547,1350,1350,1350,1375,1525,1625,1600,1749,1725,1700,1700,1700,1600,1700,1800,1800,1475,1800,1825,1538,1849,1950,1800,1750,1700,1650,1675,1600,1650,1650,1650,1799,1799,1799,1610,1550,,1912
Tribeca,Manhattan,neighborhood,6500,6773,6500,6400,6500,6500,6000,4950,5500,5650,5823,5900,6500,6500,6500,5548,6000,6395,6500,6395,6495,6095,6448,6795,7500,7495,6000,6250,6950,6995,7250,6695,6500,6995,6898,6995,7000,6445,6000,6500,6895,6900,6800,6000,5995,5600,5963,5995,5750,5325,5398,5500,6025,6200,6000,6548,6473,6750,6195,6268,6000,7000,7200,6395,6900,6795,6495,6495,6495,6395,6195,5960,6095,6500,6500,7100,7900,8000,8000,7625,8000,8000,7895,8000,7950,7570,7950,7950,7500,7500,8345,6095,5995,5995,5750,6433,6500,6500,6723,6600,6420,6848,6750,7000,7243,6850,6900,6692,6560,5950,6033,6298,6500,6595,7000,6695,7600,7600,7300,7500,7398
University Heights,Bronx,neighborhood,1100,1100,,,,,,,,,,,,,,,,,1125,,1113,1125,1100,,,1138,1113,1125,1225,,,1175,1150,1113,1199,1199,1175,1188,1200,1168,1150,1199,1155,1200,1225,1210,1150,1163,1192,1300,1300,1300,1275,1245,1288,1350,1399,1400,1298,1295,1300,1250,1288,1300,1375,1355,1335,1300,1350,1350,1350,1325,1350,1388,1400,1358,1400,1575,1562,1450,1550,1637,1423,1450,1575,1650,1663,1675,1495,1550,1500,1550,1598,1575,1600,1560,1638,1500,1648,1649,1698,1750,1875,1750,1697,1691,1647,1622,1578,1750,1799,1800,1799,1850,1650,1625,1799,1799,1699,1699,1750
Upper East Side,Manhattan,neighborhood,2460,2450,2400,2500,2550,2550,2595,2500,2595,2550,2500,2550,2500,2500,2475,2500,2600,2695,2650,2695,2795,2800,2800,2800,2700,2700,2695,2695,2695,2750,2700,2750,2850,2795,2850,2850,2795,2800,2795,2750,2750,2750,2750,2800,2893,2850,2800,2800,2700,2790,2700,2700,2700,2700,2725,2700,2750,2750,2800,2849,2852,2900,2900,2875,2950,2995,2950,2995,3046,2999,2900,2950,2995,2975,3000,3000,3000,2995,2990,2920,2950,2950,2975,3000,2995,2995,2925,2950,2950,2950,2950,2900,2995,2948,2995,2990,2900,2895,2850,2850,2850,2900,2925,2900,2895,2995,2995,3000,3000,3000,2995,2995,3000,3050,3067,2995,3000,3125,3250,3348,3300
Upper West Side,Manhattan,neighborhood,2895,2800,2750,2800,2800,2795,2800,2895,2995,3050,3000,2995,2995,3000,2950,3000,3000,3100,3100,3200,3250,3344,3388,3475,3300,3200,3045,3150,3200,3200,3250,3300,3325,3350,3350,3300,3200,3250,3200,3200,3250,3163,3200,3250,3295,3300,3200,3230,3200,3195,3200,3295,3299,3285,3200,3200,3295,3300,3285,3250,3295,3300,3250,3300,3350,3395,3425,3500,3555,3504,3535,3500,3450,3450,3450,3475,3495,3450,3495,3425,3495,3450,3400,3375,3300,3315,3299,3300,3350,3385,3390,3395,3395,3400,3325,3350,3350,3295,3250,3295,3323,3350,3350,3335,3400,3400,3395,3400,3400,3360,3400,3479,3495,3478,3425,3539,3650,3650,3695,3629,3700
Utopia,Queens,neighborhood,,,,,,,,,,,,,,,,,,,,,,,,,,,,,,,,,,,,,,,,,,,,,,,,,,,,,,,,,,,,,,,,,,,,,,,,,,,,,,,,,,,,,,,,,,,,,,,,,,,,,,,,,,,,,,,,,,,,,,,,,
Van Nest,Bronx,neighborhood,,,,,,,,,,,,,,,,,,,,,,,,,,,,,,,,,,,,,,,,,,,,,,,,,,,,,,,,,,,,,,,,,,,1313,1338,1338,1325,,1300,1338,1350,1338,1325,,,,,,,,,,,,,,,,,,,,,2100,2100,,,,,,,,,1400,1575,,,,,,,,,,,,,
Wakefield,Bronx,neighborhood,,,,,,,,,,,,,,,,,,,,,,,,,,,,,,,,,,,,,,,,,,,,,,,,,,,,,,,1450,1400,1400,1388,1338,1338,1200,1300,1388,1400,1375,1250,1250,1300,1300,1400,1400,1400,1450,1450,1450,1450,1450,1450,1450,1450,1450,1450,1395,1375,1425,1500,1700,1575,1450,1475,1475,1475,,1500,,,,,,,1450,1900,1900,1600,2050,2100,,1700,2200,2200,1899,1800,1700,1900,1900,2025,2200,,,,2188
Washington Heights,Manhattan,neighborhood,1550,1545,1597,1600,1650,1653,1678,1750,1713,1750,1700,1768,1800,1750,1625,1700,1700,1650,1650,1800,1699,1695,1847,1847,1893,1844,1900,1735,1750,1750,1750,1775,1800,1800,1800,1800,1800,1800,1800,1800,1800,1847,1800,1800,1800,1750,1798,1786,1750,1750,1799,1800,1800,1850,1850,1950,1950,1950,1950,1911,1950,1900,1950,2000,2050,2000,2050,2100,2095,2000,2000,2050,2100,2100,2195,2195,2175,2150,2175,2197,2150,2195,2187,2215,2214,2150,2150,2198,2195,2195,2250,2200,2100,2180,2100,2100,2125,2135,2150,2150,2154,2200,2250,2250,2200,2240,2222,2195,2150,2200,2195,2195,2250,2300,2250,2250,2207,2200,2195,2200,2250
West Harlem,Manhattan,neighborhood,,,1650,1775,1700,2000,1850,1800,,,1850,1900,2600,2600,2600,2550,2550,2550,2600,2575,,2450,2095,2200,1850,2250,2300,2400,2225,1995,1995,2400,2175,2200,1995,1950,1900,2000,2148,1995,2100,1925,2100,2175,1995,2125,2100,2150,2300,2200,2150,2300,2100,2100,2200,2100,2350,2250,2200,2350,2250,2200,2100,2200,2250,2600,2400,2438,2500,2300,2300,2295,2125,2150,2100,2295,2325,2712,2800,2600,2850,3000,2879,2600,2350,2498,2500,2500,2600,2583,2750,2698,2500,2550,2575,2600,2598,2623,2573,2775,2700,2650,2698,2825,2497,2499,2450,2392,2425,2381,2500,2600,2488,2695,2790,2600,2495,2478,2650,2500,2495
West Village,Manhattan,neighborhood,3265,3395,3113,3250,3073,3138,3195,2963,3300,3300,3100,3300,3348,3400,3200,3450,3400,3495,3450,3500,3400,3300,3300,3300,3300,3400,3495,3495,3500,3400,3495,3495,3495,3500,3495,3600,3500,3350,3400,3495,3650,3650,3525,3550,3600,3600,3500,3650,3550,3630,3595,3666,3650,3595,3600,3598,3666,3625,3600,3645,3750,3700,3650,3600,3750,3745,3695,3750,3750,3850,3750,3860,3800,3810,3805,3895,3900,3950,3950,3895,3760,3665,3595,3550,3565,3595,3600,3685,3800,3802,3827,3798,3695,3570,3495,3500,3600,3666,3750,3795,3850,3850,3850,3950,3895,3850,3900,3895,3875,3800,3850,3986,4100,4273,4200,4000,4000,4200,4223,4200,4235
Westchester Village,Bronx,neighborhood,,,,,,,,,,,,,,,,,,,,,,,,,,,,,,,,,,,,,,,,,,,,,,,,,,,,,,,,,,,,,,,,,,,,,,,1500,,,,,,,,,,,,,,,,,,,,,,,,,,,,,,,,,,,,,,,,,,,,,,,,,,
Whitestone,Queens,neighborhood,,,,,,,,,,,,,,,,,,,,,,,,,1850,1750,1800,,1775,,1900,1850,1900,1800,1900,1975,1938,1900,,,,,,,,,2400,2600,2200,1775,1825,1875,,,,2000,,,,2300,2250,2050,2000,,2275,,,,,2500,2375,2200,2300,2350,2250,2200,2400,2300,2523,2425,,,,2350,2350,2350,2400,2250,2200,2300,2300,2695,,,,,,,1798,2250,2200,2150,2200,,,2250,2100,2338,2375,2300,2300,2238,2200,2200,2300,2350,2350,2250,2400,2300,2300
Williamsbridge,Bronx,neighborhood,,,,,,,,,,,,,,,,,,,,,,,,,,,,,,,,,,,,,,,,,,,,,,,,,,,,,,,1300,,,,1300,1225,,,1325,1300,1300,1349,1325,,,1558,1558,,,,,,,,1625,,,,,,,2250,2175,1500,1950,1898,2023,,,,,,1588,,,,1663,1675,1763,,,2150,2125,2150,1750,2100,1550,1600,1797,1775,2025,1825,1925,2150,,1650,1675
Williamsburg,Brooklyn,neighborhood,2500,2500,2500,2600,2625,2700,2775,2830,2900,2950,2800,2723,2800,2750,2763,2900,2900,2973,2900,2900,2973,3000,3000,2850,3032,3000,3000,3062,3150,3250,3200,3100,3325,3350,3350,3499,3395,3300,3200,3000,3150,3250,3200,3199,3185,3100,3100,2999,3002,3000,3071,3200,3200,3295,3250,3200,3200,3157,3050,3050,3050,3050,3070,3100,3150,3300,3385,3300,3200,3200,3266,3300,3275,3200,3100,3100,3195,3199,3195,3200,3150,3155,3100,3066,3000,3000,3050,3100,3148,3180,3117,3116,3100,3000,2975,2900,2910,2950,2950,2999,3000,3000,3000,3025,3000,3000,2900,2899,2999,3030,3000,3200,3299,3300,3450,3450,3500,3547,3650,3667,3500
Windsor Terrace,Brooklyn,neighborhood,1600,1650,1650,1600,1800,1825,1995,2098,2100,2000,1850,1900,2200,2150,2013,2050,2000,2175,2400,2000,2300,2200,2400,2325,2325,2325,2350,2300,2200,2100,2100,2100,2000,2200,2200,1988,2200,2100,2100,2200,2300,2400,2250,2500,2700,2500,2500,2395,2200,2200,2400,2400,2400,2500,2400,2300,2373,2400,2472,2600,2700,2700,2637,2700,2700,2800,2800,2605,2600,2600,2469,2460,2485,2500,2500,2500,2544,2491,2400,2450,2592,2598,2550,2599,2500,2500,2400,2500,2650,2750,2600,2500,2500,2500,2400,2384,2400,2400,2472,2500,2500,2500,2550,2641,2650,2600,2700,2580,2600,2795,2750,2575,2650,2800,2500,2800,2800,2800,2450,2495,2500
Woodhaven,Queens,neighborhood,,,,,,,,,,,,,,,,,,,,,,,,,,,,,,,,,,,,,,,,,,,,,,,,,,,,,,,1400,,,1600,1575,1575,1700,1700,1700,1675,1735,1725,,,1650,1995,1613,1675,1675,,,,,,,1700,,,1625,1625,1595,1675,1750,1995,2100,1750,1700,1775,2000,1995,,2188,2000,2100,2175,1736,1650,1725,1900,1788,1725,1825,1850,1742,1746,1875,1950,1800,1750,1725,1750,1788,1788,1745,1821,1734,1850
Woodlawn,Bronx,neighborhood,,,,,,,,,,,,,,,,,,,,,,,,,,,,,,,,,,,,,,,,,,,,,,,,,,,,,,,,,,,,,,,,,,,,,,,,,,,,,,,,,,,,,,,1750,,,,1625,,,,,,,,,,,,,,,,,,,,,1650,,,,,,,,,
Woodside,Queens,neighborhood,1813,,1398,2000,1475,1488,,,,,,,,,,,,1298,,1463,,,,,,,,,,,,,,,,,,,,,,,1700,1600,1600,1600,1600,1700,1700,1750,1750,1750,1750,1875,1900,1750,1775,1900,1950,1850,1950,2150,1900,1838,1800,1925,1850,1800,1850,1600,1900,1900,1925,1813,1800,1775,1698,1850,1900,1900,1725,1800,1897,2000,1750,1800,1895,1890,1775,2000,2100,2000,2000,2000,1900,1920,1795,1775,1950,1975,1995,1995,1750,1838,1988,1850,1935,1890,1863,1850,1900,1875,1995,1975,2000,1938,1925,1900,2100,2225,1950
Woodstock,Bronx,neighborhood,,,,,,,,,,,,,,,,,,,,,,,,,,,,,,,,,,,,,,,,,,,,,,,,,,,,,,,,,,,988,,,,,,,,,,,,,,,,,,,,,,,,,,,1825,2200,,1650,,1920,,,,1790,,,,,2225,2240,2155,1650,1781,2300,1950,1950,1789,2199,1900,,1950,1823,1945,1645,1888,1875,1875,1925,,1950